CREATE DATABASE  IF NOT EXISTS `sistema_saude_municipal` /*!40100 DEFAULT CHARACTER SET utf8mb4 COLLATE utf8mb4_unicode_ci */ /*!80016 DEFAULT ENCRYPTION='N' */;
USE `sistema_saude_municipal`;
-- MySQL dump 10.13  Distrib 8.0.43, for Win64 (x86_64)
--
-- Host: localhost    Database: sistema_saude_municipal
-- ------------------------------------------------------
-- Server version	8.0.43

/*!40101 SET @OLD_CHARACTER_SET_CLIENT=@@CHARACTER_SET_CLIENT */;
/*!40101 SET @OLD_CHARACTER_SET_RESULTS=@@CHARACTER_SET_RESULTS */;
/*!40101 SET @OLD_COLLATION_CONNECTION=@@COLLATION_CONNECTION */;
/*!50503 SET NAMES utf8 */;
/*!40103 SET @OLD_TIME_ZONE=@@TIME_ZONE */;
/*!40103 SET TIME_ZONE='+00:00' */;
/*!40014 SET @OLD_UNIQUE_CHECKS=@@UNIQUE_CHECKS, UNIQUE_CHECKS=0 */;
/*!40014 SET @OLD_FOREIGN_KEY_CHECKS=@@FOREIGN_KEY_CHECKS, FOREIGN_KEY_CHECKS=0 */;
/*!40101 SET @OLD_SQL_MODE=@@SQL_MODE, SQL_MODE='NO_AUTO_VALUE_ON_ZERO' */;
/*!40111 SET @OLD_SQL_NOTES=@@SQL_NOTES, SQL_NOTES=0 */;

--
-- Table structure for table `audit_logs`
--

DROP TABLE IF EXISTS `audit_logs`;
/*!40101 SET @saved_cs_client     = @@character_set_client */;
/*!50503 SET character_set_client = utf8mb4 */;
CREATE TABLE `audit_logs` (
  `id` int NOT NULL AUTO_INCREMENT,
  `user_id` int DEFAULT NULL,
  `action` varchar(100) COLLATE utf8mb4_unicode_ci NOT NULL,
  `table_name` varchar(100) COLLATE utf8mb4_unicode_ci NOT NULL,
  `record_id` int DEFAULT NULL,
  `old_values` json DEFAULT NULL,
  `new_values` json DEFAULT NULL,
  `ip_address` varchar(45) COLLATE utf8mb4_unicode_ci DEFAULT NULL,
  `user_agent` text COLLATE utf8mb4_unicode_ci,
  `created_at` timestamp NULL DEFAULT CURRENT_TIMESTAMP,
  PRIMARY KEY (`id`),
  KEY `idx_user` (`user_id`),
  KEY `idx_action` (`action`),
  KEY `idx_table` (`table_name`),
  KEY `idx_created_at` (`created_at`),
  CONSTRAINT `audit_logs_ibfk_1` FOREIGN KEY (`user_id`) REFERENCES `users` (`id`) ON DELETE SET NULL
) ENGINE=InnoDB AUTO_INCREMENT=301 DEFAULT CHARSET=utf8mb4 COLLATE=utf8mb4_unicode_ci;
/*!40101 SET character_set_client = @saved_cs_client */;

--
-- Dumping data for table `audit_logs`
--

LOCK TABLES `audit_logs` WRITE;
/*!40000 ALTER TABLE `audit_logs` DISABLE KEYS */;
INSERT INTO `audit_logs` VALUES (1,1,'UPDATE','users',1,'{\"name\": \"Administrador Sistema\", \"role\": \"admin\", \"email\": \"admin@sistema.gov.br\", \"status\": \"active\"}','{\"name\": \"Administrador Sistema\", \"role\": \"admin\", \"email\": \"admin@sistema.gov.br\", \"status\": \"active\"}',NULL,NULL,'2025-09-23 16:16:37'),(2,1,'LOGIN','users',1,'null','null','::1','PostmanRuntime/7.47.1','2025-09-23 16:17:31'),(3,2,'UPDATE','users',2,'{\"name\": \"Secretário Municipal SP\", \"role\": \"municipality\", \"email\": \"secretario.sp@prefeitura.sp.gov.br\", \"status\": \"active\"}','{\"name\": \"Secretário Municipal SP\", \"role\": \"municipality\", \"email\": \"secretario.sp@prefeitura.sp.gov.br\", \"status\": \"active\"}',NULL,NULL,'2025-09-23 16:18:25'),(4,2,'LOGIN','users',2,'null','null','::1','PostmanRuntime/7.47.1','2025-09-23 16:18:37'),(5,5,'UPDATE','users',5,'{\"name\": \"Diretor Instituto Cardiologia\", \"role\": \"institute\", \"email\": \"diretor@institutocardiologia.com.br\", \"status\": \"active\"}','{\"name\": \"Diretor Instituto Cardiologia\", \"role\": \"institute\", \"email\": \"diretor@institutocardiologia.com.br\", \"status\": \"active\"}',NULL,NULL,'2025-09-23 16:21:36'),(6,5,'LOGIN','users',5,'null','null','::1','PostmanRuntime/7.47.1','2025-09-23 16:22:06'),(7,5,'LOGIN','users',5,'null','null','::1','PostmanRuntime/7.47.1','2025-09-23 16:22:51'),(8,2,'LOGIN','users',2,'null','null','::1','PostmanRuntime/7.47.1','2025-09-23 16:24:25'),(9,2,'LOGIN','users',2,'null','null','::1','PostmanRuntime/7.47.1','2025-09-23 16:34:30'),(10,2,'LOGIN','users',2,'null','null','::1','PostmanRuntime/7.47.1','2025-09-24 01:37:00'),(11,2,'LOGIN','users',2,'null','null','::1','PostmanRuntime/7.47.1','2025-09-24 03:39:00'),(12,2,'LOGIN','users',2,'null','null','::1','PostmanRuntime/7.47.1','2025-09-24 04:09:37'),(13,2,'LOGIN','users',2,'null','null','::1','PostmanRuntime/7.47.1','2025-09-24 04:15:12'),(14,2,'LOGIN','users',2,'null','null','::1','Mozilla/5.0 (Windows NT 10.0; Win64; x64) AppleWebKit/537.36 (KHTML, like Gecko) Chrome/140.0.0.0 Safari/537.36','2025-09-24 04:46:14'),(15,2,'LOGIN','users',2,'null','null','::1','Mozilla/5.0 (Windows NT 10.0; Win64; x64) AppleWebKit/537.36 (KHTML, like Gecko) Chrome/140.0.0.0 Safari/537.36','2025-09-24 04:46:47'),(16,2,'LOGIN','users',2,'null','null','::1','Mozilla/5.0 (Windows NT 10.0; Win64; x64) AppleWebKit/537.36 (KHTML, like Gecko) Chrome/140.0.0.0 Safari/537.36','2025-09-24 04:46:58'),(17,2,'LOGIN','users',2,'null','null','::1','Mozilla/5.0 (Windows NT 10.0; Win64; x64) AppleWebKit/537.36 (KHTML, like Gecko) Chrome/140.0.0.0 Safari/537.36','2025-09-24 04:50:56'),(18,2,'LOGIN','users',2,'null','null','::1','Mozilla/5.0 (Windows NT 10.0; Win64; x64) AppleWebKit/537.36 (KHTML, like Gecko) Chrome/140.0.0.0 Safari/537.36','2025-09-24 04:56:32'),(19,2,'LOGIN','users',2,'null','null','::1','Mozilla/5.0 (Windows NT 10.0; Win64; x64) AppleWebKit/537.36 (KHTML, like Gecko) Chrome/140.0.0.0 Safari/537.36','2025-09-24 05:00:03'),(20,2,'LOGIN','users',2,'null','null','::1','Mozilla/5.0 (Windows NT 10.0; Win64; x64) AppleWebKit/537.36 (KHTML, like Gecko) Chrome/140.0.0.0 Safari/537.36','2025-09-24 05:00:30'),(21,2,'LOGIN','users',2,'null','null','::1','PostmanRuntime/7.47.1','2025-09-24 05:01:39'),(22,2,'LOGIN','users',2,'null','null','::1','Mozilla/5.0 (Windows NT 10.0; Win64; x64) AppleWebKit/537.36 (KHTML, like Gecko) Chrome/140.0.0.0 Safari/537.36','2025-09-24 05:06:43'),(23,1,'LOGIN','users',1,'null','null','::1','Mozilla/5.0 (Windows NT 10.0; Win64; x64) AppleWebKit/537.36 (KHTML, like Gecko) Chrome/140.0.0.0 Safari/537.36','2025-09-25 02:41:02'),(24,1,'LOGIN','users',1,'null','null','::1','Mozilla/5.0 (Windows NT 10.0; Win64; x64) AppleWebKit/537.36 (KHTML, like Gecko) Chrome/140.0.0.0 Safari/537.36','2025-09-25 02:41:32'),(25,1,'LOGIN','users',1,'null','null','::1','Mozilla/5.0 (Windows NT 10.0; Win64; x64) AppleWebKit/537.36 (KHTML, like Gecko) Chrome/140.0.0.0 Safari/537.36','2025-09-25 02:41:36'),(26,2,'LOGIN','users',2,'null','null','::1','Mozilla/5.0 (Windows NT 10.0; Win64; x64) AppleWebKit/537.36 (KHTML, like Gecko) Chrome/140.0.0.0 Safari/537.36','2025-09-25 02:41:47'),(27,2,'LOGIN','users',2,'null','null','::1','Mozilla/5.0 (Windows NT 10.0; Win64; x64) AppleWebKit/537.36 (KHTML, like Gecko) Chrome/140.0.0.0 Safari/537.36','2025-09-25 02:42:09'),(28,1,'LOGIN','users',1,'null','null','::1','Mozilla/5.0 (Windows NT 10.0; Win64; x64) AppleWebKit/537.36 (KHTML, like Gecko) Chrome/140.0.0.0 Safari/537.36','2025-09-25 02:42:14'),(29,1,'LOGIN','users',1,'null','null','::1','Mozilla/5.0 (Windows NT 10.0; Win64; x64) AppleWebKit/537.36 (KHTML, like Gecko) Chrome/140.0.0.0 Safari/537.36','2025-09-25 02:50:16'),(30,1,'LOGIN','users',1,'null','null','::1','Mozilla/5.0 (Windows NT 10.0; Win64; x64) AppleWebKit/537.36 (KHTML, like Gecko) Chrome/140.0.0.0 Safari/537.36','2025-09-25 02:50:19'),(31,1,'LOGIN','users',1,'null','null','::1','Mozilla/5.0 (Windows NT 10.0; Win64; x64) AppleWebKit/537.36 (KHTML, like Gecko) Chrome/140.0.0.0 Safari/537.36','2025-09-25 02:50:29'),(32,1,'LOGIN','users',1,'null','null','::1','Mozilla/5.0 (Windows NT 10.0; Win64; x64) AppleWebKit/537.36 (KHTML, like Gecko) Chrome/140.0.0.0 Safari/537.36','2025-09-25 02:53:14'),(33,1,'LOGIN','users',1,'null','null','::1','Mozilla/5.0 (Windows NT 10.0; Win64; x64) AppleWebKit/537.36 (KHTML, like Gecko) Chrome/140.0.0.0 Safari/537.36','2025-09-25 02:53:15'),(34,1,'LOGIN','users',1,'null','null','::1','Mozilla/5.0 (Windows NT 10.0; Win64; x64) AppleWebKit/537.36 (KHTML, like Gecko) Chrome/140.0.0.0 Safari/537.36','2025-09-25 02:53:25'),(35,1,'LOGIN','users',1,'null','null','::1','Mozilla/5.0 (Windows NT 10.0; Win64; x64) AppleWebKit/537.36 (KHTML, like Gecko) Chrome/140.0.0.0 Safari/537.36','2025-09-25 02:53:35'),(36,1,'LOGIN','users',1,'null','null','::1','Mozilla/5.0 (Windows NT 10.0; Win64; x64) AppleWebKit/537.36 (KHTML, like Gecko) Chrome/140.0.0.0 Safari/537.36','2025-09-25 02:54:51'),(37,1,'LOGIN','users',1,'null','null','::1','Mozilla/5.0 (Windows NT 10.0; Win64; x64) AppleWebKit/537.36 (KHTML, like Gecko) Chrome/140.0.0.0 Safari/537.36','2025-09-25 02:54:54'),(38,1,'LOGIN','users',1,'null','null','::1','Mozilla/5.0 (Windows NT 10.0; Win64; x64) AppleWebKit/537.36 (KHTML, like Gecko) Chrome/140.0.0.0 Safari/537.36','2025-09-25 02:54:58'),(39,1,'LOGIN','users',1,'null','null','::1','Mozilla/5.0 (Windows NT 10.0; Win64; x64) AppleWebKit/537.36 (KHTML, like Gecko) Chrome/140.0.0.0 Safari/537.36','2025-09-25 02:54:59'),(40,1,'LOGIN','users',1,'null','null','::1','Mozilla/5.0 (Windows NT 10.0; Win64; x64) AppleWebKit/537.36 (KHTML, like Gecko) Chrome/140.0.0.0 Safari/537.36','2025-09-25 02:56:34'),(41,1,'LOGIN','users',1,'null','null','::1','Mozilla/5.0 (Windows NT 10.0; Win64; x64) AppleWebKit/537.36 (KHTML, like Gecko) Chrome/140.0.0.0 Safari/537.36','2025-09-25 02:56:34'),(42,1,'LOGIN','users',1,'null','null','::1','Mozilla/5.0 (Windows NT 10.0; Win64; x64) AppleWebKit/537.36 (KHTML, like Gecko) Chrome/140.0.0.0 Safari/537.36','2025-09-25 02:56:40'),(43,1,'LOGIN','users',1,'null','null','::1','Mozilla/5.0 (Windows NT 10.0; Win64; x64) AppleWebKit/537.36 (KHTML, like Gecko) Chrome/140.0.0.0 Safari/537.36','2025-09-25 02:56:43'),(44,1,'LOGIN','users',1,'null','null','::1','Mozilla/5.0 (Windows NT 10.0; Win64; x64) AppleWebKit/537.36 (KHTML, like Gecko) Chrome/140.0.0.0 Safari/537.36','2025-09-25 02:56:44'),(45,1,'LOGIN','users',1,'null','null','::1','Mozilla/5.0 (Windows NT 10.0; Win64; x64) AppleWebKit/537.36 (KHTML, like Gecko) Chrome/140.0.0.0 Safari/537.36','2025-09-25 02:56:45'),(46,1,'LOGIN','users',1,'null','null','::1','Mozilla/5.0 (Windows NT 10.0; Win64; x64) AppleWebKit/537.36 (KHTML, like Gecko) Chrome/140.0.0.0 Safari/537.36','2025-09-25 02:56:45'),(47,1,'LOGIN','users',1,'null','null','::1','Mozilla/5.0 (Windows NT 10.0; Win64; x64) AppleWebKit/537.36 (KHTML, like Gecko) Chrome/140.0.0.0 Safari/537.36','2025-09-25 02:56:46'),(48,1,'LOGIN','users',1,'null','null','::1','Mozilla/5.0 (Windows NT 10.0; Win64; x64) AppleWebKit/537.36 (KHTML, like Gecko) Chrome/140.0.0.0 Safari/537.36','2025-09-25 02:57:29'),(49,1,'LOGIN','users',1,'null','null','::1','Mozilla/5.0 (Windows NT 10.0; Win64; x64) AppleWebKit/537.36 (KHTML, like Gecko) Chrome/140.0.0.0 Safari/537.36','2025-09-25 02:57:48'),(50,1,'LOGIN','users',1,'null','null','::1','Mozilla/5.0 (Windows NT 10.0; Win64; x64) AppleWebKit/537.36 (KHTML, like Gecko) Chrome/140.0.0.0 Safari/537.36','2025-09-25 03:04:51'),(51,1,'LOGIN','users',1,'null','null','::1','Mozilla/5.0 (Windows NT 10.0; Win64; x64) AppleWebKit/537.36 (KHTML, like Gecko) Chrome/140.0.0.0 Safari/537.36','2025-09-25 03:04:53'),(52,1,'LOGIN','users',1,'null','null','::1','Mozilla/5.0 (Windows NT 10.0; Win64; x64) AppleWebKit/537.36 (KHTML, like Gecko) Chrome/140.0.0.0 Safari/537.36','2025-09-25 03:04:55'),(53,1,'LOGIN','users',1,'null','null','::1','Mozilla/5.0 (Windows NT 10.0; Win64; x64) AppleWebKit/537.36 (KHTML, like Gecko) Chrome/140.0.0.0 Safari/537.36','2025-09-25 03:05:01'),(54,1,'LOGIN','users',1,'null','null','::1','Mozilla/5.0 (Windows NT 10.0; Win64; x64) AppleWebKit/537.36 (KHTML, like Gecko) Chrome/140.0.0.0 Safari/537.36','2025-09-25 03:05:03'),(55,1,'LOGIN','users',1,'null','null','::1','Mozilla/5.0 (Windows NT 10.0; Win64; x64) AppleWebKit/537.36 (KHTML, like Gecko) Chrome/140.0.0.0 Safari/537.36','2025-09-25 03:05:14'),(56,1,'LOGIN','users',1,'null','null','::1','Mozilla/5.0 (Windows NT 10.0; Win64; x64) AppleWebKit/537.36 (KHTML, like Gecko) Chrome/140.0.0.0 Safari/537.36','2025-09-25 03:05:17'),(57,1,'LOGIN','users',1,'null','null','::1','Mozilla/5.0 (Windows NT 10.0; Win64; x64) AppleWebKit/537.36 (KHTML, like Gecko) Chrome/140.0.0.0 Safari/537.36','2025-09-25 03:05:18'),(58,1,'LOGIN','users',1,'null','null','::1','Mozilla/5.0 (Windows NT 10.0; Win64; x64) AppleWebKit/537.36 (KHTML, like Gecko) Chrome/140.0.0.0 Safari/537.36','2025-09-25 03:05:19'),(59,1,'LOGIN','users',1,'null','null','::1','Mozilla/5.0 (Windows NT 10.0; Win64; x64) AppleWebKit/537.36 (KHTML, like Gecko) Chrome/140.0.0.0 Safari/537.36','2025-09-25 03:05:20'),(60,1,'LOGIN','users',1,'null','null','::1','Mozilla/5.0 (Windows NT 10.0; Win64; x64) AppleWebKit/537.36 (KHTML, like Gecko) Chrome/140.0.0.0 Safari/537.36','2025-09-25 03:05:20'),(61,1,'LOGIN','users',1,'null','null','::1','Mozilla/5.0 (Windows NT 10.0; Win64; x64) AppleWebKit/537.36 (KHTML, like Gecko) Chrome/140.0.0.0 Safari/537.36','2025-09-25 03:05:28'),(62,1,'LOGIN','users',1,'null','null','::1','Mozilla/5.0 (Windows NT 10.0; Win64; x64) AppleWebKit/537.36 (KHTML, like Gecko) Chrome/140.0.0.0 Safari/537.36','2025-09-25 03:09:20'),(63,1,'LOGIN','users',1,'null','null','::1','Mozilla/5.0 (Windows NT 10.0; Win64; x64) AppleWebKit/537.36 (KHTML, like Gecko) Chrome/140.0.0.0 Safari/537.36','2025-09-25 03:09:30'),(64,1,'LOGIN','users',1,'null','null','::1','Mozilla/5.0 (Windows NT 10.0; Win64; x64) AppleWebKit/537.36 (KHTML, like Gecko) Chrome/140.0.0.0 Safari/537.36','2025-09-25 03:09:31'),(65,1,'LOGIN','users',1,'null','null','::1','Mozilla/5.0 (Windows NT 10.0; Win64; x64) AppleWebKit/537.36 (KHTML, like Gecko) Chrome/140.0.0.0 Safari/537.36','2025-09-25 03:09:32'),(66,1,'LOGIN','users',1,'null','null','::1','Mozilla/5.0 (Windows NT 10.0; Win64; x64) AppleWebKit/537.36 (KHTML, like Gecko) Chrome/140.0.0.0 Safari/537.36','2025-09-25 03:09:33'),(67,1,'LOGIN','users',1,'null','null','::1','Mozilla/5.0 (Windows NT 10.0; Win64; x64) AppleWebKit/537.36 (KHTML, like Gecko) Chrome/140.0.0.0 Safari/537.36','2025-09-25 03:09:34'),(68,1,'LOGIN','users',1,'null','null','::1','Mozilla/5.0 (Windows NT 10.0; Win64; x64) AppleWebKit/537.36 (KHTML, like Gecko) Chrome/140.0.0.0 Safari/537.36','2025-09-25 03:09:34'),(69,1,'LOGIN','users',1,'null','null','::1','Mozilla/5.0 (Windows NT 10.0; Win64; x64) AppleWebKit/537.36 (KHTML, like Gecko) Chrome/140.0.0.0 Safari/537.36','2025-09-25 03:09:35'),(70,1,'LOGIN','users',1,'null','null','::1','Mozilla/5.0 (Windows NT 10.0; Win64; x64) AppleWebKit/537.36 (KHTML, like Gecko) Chrome/140.0.0.0 Safari/537.36','2025-09-25 03:09:36'),(71,1,'LOGIN','users',1,'null','null','::1','Mozilla/5.0 (Windows NT 10.0; Win64; x64) AppleWebKit/537.36 (KHTML, like Gecko) Chrome/140.0.0.0 Safari/537.36','2025-09-25 03:09:37'),(72,1,'LOGIN','users',1,'null','null','::1','Mozilla/5.0 (Windows NT 10.0; Win64; x64) AppleWebKit/537.36 (KHTML, like Gecko) Chrome/140.0.0.0 Safari/537.36','2025-09-25 03:10:08'),(73,1,'LOGIN','users',1,'null','null','::1','Mozilla/5.0 (Windows NT 10.0; Win64; x64) AppleWebKit/537.36 (KHTML, like Gecko) Chrome/140.0.0.0 Safari/537.36','2025-09-25 03:10:10'),(74,1,'LOGIN','users',1,'null','null','::1','Mozilla/5.0 (Windows NT 10.0; Win64; x64) AppleWebKit/537.36 (KHTML, like Gecko) Chrome/140.0.0.0 Safari/537.36','2025-09-25 03:10:24'),(75,1,'LOGIN','users',1,'null','null','::1','Mozilla/5.0 (Windows NT 10.0; Win64; x64) AppleWebKit/537.36 (KHTML, like Gecko) Chrome/140.0.0.0 Safari/537.36','2025-09-25 03:11:37'),(76,1,'LOGIN','users',1,'null','null','::1','Mozilla/5.0 (Windows NT 10.0; Win64; x64) AppleWebKit/537.36 (KHTML, like Gecko) Chrome/140.0.0.0 Safari/537.36','2025-09-25 03:14:00'),(77,1,'LOGIN','users',1,'null','null','::1','Mozilla/5.0 (Windows NT 10.0; Win64; x64) AppleWebKit/537.36 (KHTML, like Gecko) Chrome/140.0.0.0 Safari/537.36','2025-09-25 03:14:02'),(78,1,'LOGIN','users',1,'null','null','::1','Mozilla/5.0 (Windows NT 10.0; Win64; x64) AppleWebKit/537.36 (KHTML, like Gecko) Chrome/140.0.0.0 Safari/537.36','2025-09-25 03:14:03'),(79,1,'LOGIN','users',1,'null','null','::1','Mozilla/5.0 (Windows NT 10.0; Win64; x64) AppleWebKit/537.36 (KHTML, like Gecko) Chrome/140.0.0.0 Safari/537.36','2025-09-25 03:14:04'),(80,1,'LOGIN','users',1,'null','null','::1','Mozilla/5.0 (Windows NT 10.0; Win64; x64) AppleWebKit/537.36 (KHTML, like Gecko) Chrome/140.0.0.0 Safari/537.36','2025-09-25 03:14:05'),(81,1,'LOGIN','users',1,'null','null','::1','Mozilla/5.0 (Windows NT 10.0; Win64; x64) AppleWebKit/537.36 (KHTML, like Gecko) Chrome/140.0.0.0 Safari/537.36','2025-09-25 03:14:06'),(82,1,'LOGIN','users',1,'null','null','::1','Mozilla/5.0 (Windows NT 10.0; Win64; x64) AppleWebKit/537.36 (KHTML, like Gecko) Chrome/140.0.0.0 Safari/537.36','2025-09-25 03:14:18'),(83,1,'LOGIN','users',1,'null','null','::1','Mozilla/5.0 (Windows NT 10.0; Win64; x64) AppleWebKit/537.36 (KHTML, like Gecko) Chrome/140.0.0.0 Safari/537.36','2025-09-25 03:14:25'),(84,1,'LOGIN','users',1,'null','null','::1','Mozilla/5.0 (Windows NT 10.0; Win64; x64) AppleWebKit/537.36 (KHTML, like Gecko) Chrome/140.0.0.0 Safari/537.36','2025-09-25 03:14:26'),(85,1,'LOGIN','users',1,'null','null','::1','Mozilla/5.0 (Windows NT 10.0; Win64; x64) AppleWebKit/537.36 (KHTML, like Gecko) Chrome/140.0.0.0 Safari/537.36','2025-09-25 03:14:27'),(86,1,'LOGIN','users',1,'null','null','::1','Mozilla/5.0 (Windows NT 10.0; Win64; x64) AppleWebKit/537.36 (KHTML, like Gecko) Chrome/140.0.0.0 Safari/537.36','2025-09-25 03:14:27'),(87,1,'LOGIN','users',1,'null','null','::1','Mozilla/5.0 (Windows NT 10.0; Win64; x64) AppleWebKit/537.36 (KHTML, like Gecko) Chrome/140.0.0.0 Safari/537.36','2025-09-25 03:14:28'),(88,1,'LOGIN','users',1,'null','null','::1','Mozilla/5.0 (Windows NT 10.0; Win64; x64) AppleWebKit/537.36 (KHTML, like Gecko) Chrome/140.0.0.0 Safari/537.36','2025-09-25 03:14:29'),(89,1,'LOGIN','users',1,'null','null','::1','Mozilla/5.0 (Windows NT 10.0; Win64; x64) AppleWebKit/537.36 (KHTML, like Gecko) Chrome/140.0.0.0 Safari/537.36','2025-09-25 03:14:29'),(90,1,'LOGIN','users',1,'null','null','::1','Mozilla/5.0 (Windows NT 10.0; Win64; x64) AppleWebKit/537.36 (KHTML, like Gecko) Chrome/140.0.0.0 Safari/537.36','2025-09-25 03:14:30'),(91,1,'LOGIN','users',1,'null','null','::1','Mozilla/5.0 (Windows NT 10.0; Win64; x64) AppleWebKit/537.36 (KHTML, like Gecko) Chrome/140.0.0.0 Safari/537.36','2025-09-25 03:14:42'),(92,1,'LOGIN','users',1,'null','null','::1','Mozilla/5.0 (Windows NT 10.0; Win64; x64) AppleWebKit/537.36 (KHTML, like Gecko) Chrome/140.0.0.0 Safari/537.36','2025-09-25 03:17:02'),(93,1,'LOGIN','users',1,'null','null','::1','Mozilla/5.0 (Windows NT 10.0; Win64; x64) AppleWebKit/537.36 (KHTML, like Gecko) Chrome/140.0.0.0 Safari/537.36','2025-09-25 03:17:03'),(94,1,'LOGIN','users',1,'null','null','::1','Mozilla/5.0 (Windows NT 10.0; Win64; x64) AppleWebKit/537.36 (KHTML, like Gecko) Chrome/140.0.0.0 Safari/537.36','2025-09-25 03:17:19'),(95,1,'LOGIN','users',1,'null','null','::1','Mozilla/5.0 (Windows NT 10.0; Win64; x64) AppleWebKit/537.36 (KHTML, like Gecko) Chrome/140.0.0.0 Safari/537.36','2025-09-25 03:18:35'),(96,1,'LOGIN','users',1,'null','null','::1','Mozilla/5.0 (Windows NT 10.0; Win64; x64) AppleWebKit/537.36 (KHTML, like Gecko) Chrome/140.0.0.0 Safari/537.36','2025-09-25 03:19:50'),(97,2,'LOGIN','users',2,'null','null','::1','Mozilla/5.0 (Windows NT 10.0; Win64; x64) AppleWebKit/537.36 (KHTML, like Gecko) Chrome/140.0.0.0 Safari/537.36','2025-09-25 03:28:40'),(98,2,'LOGIN','users',2,'null','null','::1','Mozilla/5.0 (Windows NT 10.0; Win64; x64) AppleWebKit/537.36 (KHTML, like Gecko) Chrome/140.0.0.0 Safari/537.36','2025-09-25 03:31:30'),(99,2,'LOGIN','users',2,'null','null','::1','Mozilla/5.0 (Windows NT 10.0; Win64; x64) AppleWebKit/537.36 (KHTML, like Gecko) Chrome/140.0.0.0 Safari/537.36','2025-09-25 03:32:12'),(100,2,'LOGIN','users',2,'null','null','::1','Mozilla/5.0 (Windows NT 10.0; Win64; x64) AppleWebKit/537.36 (KHTML, like Gecko) Chrome/140.0.0.0 Safari/537.36','2025-09-25 03:37:26'),(101,1,'UPDATE','users',1,'{\"name\": \"Administrador Sistema\", \"role\": \"admin\", \"email\": \"admin@sistema.gov.br\", \"status\": \"active\"}','{\"name\": \"Administrador Sistema\", \"role\": \"admin\", \"email\": \"marcos@gmail.com\", \"status\": \"active\"}',NULL,NULL,'2025-09-25 03:38:46'),(102,1,'LOGIN','users',1,'null','null','::1','Mozilla/5.0 (Windows NT 10.0; Win64; x64) AppleWebKit/537.36 (KHTML, like Gecko) Chrome/140.0.0.0 Safari/537.36','2025-09-25 03:38:55'),(103,1,'LOGIN','users',1,'null','null','::1','Mozilla/5.0 (Windows NT 10.0; Win64; x64) AppleWebKit/537.36 (KHTML, like Gecko) Chrome/140.0.0.0 Safari/537.36','2025-09-25 03:39:29'),(104,1,'LOGIN','users',1,'null','null','::1','Mozilla/5.0 (Windows NT 10.0; Win64; x64) AppleWebKit/537.36 (KHTML, like Gecko) Chrome/140.0.0.0 Safari/537.36','2025-09-25 03:44:31'),(105,1,'LOGIN','users',1,'null','null','::1','Mozilla/5.0 (Windows NT 10.0; Win64; x64) AppleWebKit/537.36 (KHTML, like Gecko) Chrome/140.0.0.0 Safari/537.36','2025-09-25 03:45:09'),(106,1,'LOGIN','users',1,'null','null','::1','Mozilla/5.0 (Windows NT 10.0; Win64; x64) AppleWebKit/537.36 (KHTML, like Gecko) Chrome/140.0.0.0 Safari/537.36','2025-09-25 03:45:42'),(107,1,'LOGIN','users',1,'null','null','::1','Mozilla/5.0 (Windows NT 10.0; Win64; x64) AppleWebKit/537.36 (KHTML, like Gecko) Chrome/140.0.0.0 Safari/537.36','2025-09-25 03:49:09'),(108,1,'LOGIN','users',1,'null','null','::1','Mozilla/5.0 (Windows NT 10.0; Win64; x64) AppleWebKit/537.36 (KHTML, like Gecko) Chrome/140.0.0.0 Safari/537.36','2025-09-25 03:49:19'),(109,1,'LOGIN','users',1,'null','null','::1','Mozilla/5.0 (Windows NT 10.0; Win64; x64) AppleWebKit/537.36 (KHTML, like Gecko) Chrome/140.0.0.0 Safari/537.36','2025-09-25 03:49:36'),(110,1,'LOGIN','users',1,'null','null','::1','Mozilla/5.0 (Windows NT 10.0; Win64; x64) AppleWebKit/537.36 (KHTML, like Gecko) Chrome/140.0.0.0 Safari/537.36','2025-09-25 03:53:29'),(111,1,'LOGIN','users',1,'null','null','::1','Mozilla/5.0 (Windows NT 10.0; Win64; x64) AppleWebKit/537.36 (KHTML, like Gecko) Chrome/140.0.0.0 Safari/537.36','2025-09-25 03:54:27'),(112,1,'LOGIN','users',1,'null','null','::1','Mozilla/5.0 (Windows NT 10.0; Win64; x64) AppleWebKit/537.36 (KHTML, like Gecko) Chrome/140.0.0.0 Safari/537.36','2025-09-25 03:55:19'),(113,1,'LOGIN','users',1,'null','null','::1','Mozilla/5.0 (Windows NT 10.0; Win64; x64) AppleWebKit/537.36 (KHTML, like Gecko) Chrome/140.0.0.0 Safari/537.36','2025-09-25 03:55:29'),(114,1,'LOGIN','users',1,'null','null','::1','Mozilla/5.0 (Windows NT 10.0; Win64; x64) AppleWebKit/537.36 (KHTML, like Gecko) Chrome/140.0.0.0 Safari/537.36','2025-09-25 04:02:09'),(115,1,'LOGIN','users',1,'null','null','::1','Mozilla/5.0 (Windows NT 10.0; Win64; x64) AppleWebKit/537.36 (KHTML, like Gecko) Chrome/140.0.0.0 Safari/537.36','2025-09-25 04:02:20'),(116,1,'LOGIN','users',1,'null','null','::1','Mozilla/5.0 (Windows NT 10.0; Win64; x64) AppleWebKit/537.36 (KHTML, like Gecko) Chrome/140.0.0.0 Safari/537.36','2025-09-25 04:02:32'),(117,1,'LOGIN','users',1,'null','null','::1','Mozilla/5.0 (Windows NT 10.0; Win64; x64) AppleWebKit/537.36 (KHTML, like Gecko) Chrome/140.0.0.0 Safari/537.36','2025-09-25 04:02:43'),(118,1,'LOGIN','users',1,'null','null','::1','Mozilla/5.0 (Windows NT 10.0; Win64; x64) AppleWebKit/537.36 (KHTML, like Gecko) Chrome/140.0.0.0 Safari/537.36','2025-09-25 04:05:21'),(119,1,'LOGIN','users',1,'null','null','::1','Mozilla/5.0 (Windows NT 10.0; Win64; x64) AppleWebKit/537.36 (KHTML, like Gecko) Chrome/140.0.0.0 Safari/537.36','2025-09-25 04:05:30'),(120,1,'LOGIN','users',1,'null','null','::1','Mozilla/5.0 (Windows NT 10.0; Win64; x64) AppleWebKit/537.36 (KHTML, like Gecko) Chrome/140.0.0.0 Safari/537.36','2025-09-25 04:06:03'),(121,1,'LOGIN','users',1,'null','null','::1','Mozilla/5.0 (Windows NT 10.0; Win64; x64) AppleWebKit/537.36 (KHTML, like Gecko) Chrome/140.0.0.0 Safari/537.36','2025-09-25 04:06:54'),(122,1,'LOGIN','users',1,'null','null','::1','Mozilla/5.0 (Windows NT 10.0; Win64; x64) AppleWebKit/537.36 (KHTML, like Gecko) Chrome/140.0.0.0 Safari/537.36','2025-09-25 04:07:02'),(123,1,'LOGIN','users',1,'null','null','::1','Mozilla/5.0 (Windows NT 10.0; Win64; x64) AppleWebKit/537.36 (KHTML, like Gecko) Chrome/140.0.0.0 Safari/537.36','2025-09-25 04:09:20'),(124,1,'LOGIN','users',1,'null','null','::1','Mozilla/5.0 (Windows NT 10.0; Win64; x64) AppleWebKit/537.36 (KHTML, like Gecko) Chrome/140.0.0.0 Safari/537.36','2025-09-25 04:09:46'),(125,1,'LOGIN','users',1,'null','null','::1','Mozilla/5.0 (Windows NT 10.0; Win64; x64) AppleWebKit/537.36 (KHTML, like Gecko) Chrome/140.0.0.0 Safari/537.36','2025-09-25 04:13:14'),(126,2,'LOGIN','users',2,'null','null','::1','Mozilla/5.0 (Windows NT 10.0; Win64; x64) AppleWebKit/537.36 (KHTML, like Gecko) Chrome/140.0.0.0 Safari/537.36','2025-09-25 04:14:38'),(127,1,'LOGIN','users',1,'null','null','::1','Mozilla/5.0 (Windows NT 10.0; Win64; x64) AppleWebKit/537.36 (KHTML, like Gecko) Chrome/140.0.0.0 Safari/537.36','2025-09-25 04:19:39'),(128,1,'LOGIN','users',1,'null','null','::1','Mozilla/5.0 (Windows NT 10.0; Win64; x64) AppleWebKit/537.36 (KHTML, like Gecko) Chrome/140.0.0.0 Safari/537.36','2025-09-25 05:47:10'),(129,9,'UPDATE','users',9,'{\"name\": \"Dra. Maria Santos\", \"role\": \"professional\", \"email\": \"maria.santos@institutocardiologia.com.br\", \"status\": \"active\"}','{\"name\": \"Dra. Maria Santos\", \"role\": \"professional\", \"email\": \"maria.santos@institutocardiologia.com.br\", \"status\": \"inactive\"}',NULL,NULL,'2025-09-25 05:57:06'),(130,1,'UPDATE','users',9,'{\"id\": 9, \"name\": \"Dra. Maria Santos\", \"role\": \"professional\", \"email\": \"maria.santos@institutocardiologia.com.br\", \"phone\": \"(11) 9999-0000\", \"status\": \"active\", \"document\": \"888.999.000-11\", \"password\": \"$2b$10$hash_password_here\", \"created_at\": \"2025-09-23T15:13:36.000Z\", \"updated_at\": \"2025-09-23T15:13:36.000Z\", \"institute_id\": 1, \"municipality_id\": null}','{\"name\": \"Dra. Maria Santos\", \"role\": \"professional\", \"email\": \"maria.santos@institutocardiologia.com.br\", \"phone\": \"(11) 9999-0000\", \"status\": \"inactive\"}','::1','Mozilla/5.0 (Windows NT 10.0; Win64; x64) AppleWebKit/537.36 (KHTML, like Gecko) Chrome/140.0.0.0 Safari/537.36','2025-09-25 05:57:07'),(131,9,'UPDATE','users',9,'{\"name\": \"Dra. Maria Santos\", \"role\": \"professional\", \"email\": \"maria.santos@institutocardiologia.com.br\", \"status\": \"inactive\"}','{\"name\": \"Dra. Maria Santos\", \"role\": \"professional\", \"email\": \"maria.santos@institutocardiologia.com.br\", \"status\": \"active\"}',NULL,NULL,'2025-09-25 05:57:20'),(132,1,'UPDATE','users',9,'{\"id\": 9, \"name\": \"Dra. Maria Santos\", \"role\": \"professional\", \"email\": \"maria.santos@institutocardiologia.com.br\", \"phone\": \"(11) 9999-0000\", \"status\": \"inactive\", \"document\": \"888.999.000-11\", \"password\": \"$2b$10$hash_password_here\", \"created_at\": \"2025-09-23T15:13:36.000Z\", \"updated_at\": \"2025-09-25T05:57:06.000Z\", \"institute_id\": 1, \"municipality_id\": null}','{\"name\": \"Dra. Maria Santos\", \"role\": \"professional\", \"email\": \"maria.santos@institutocardiologia.com.br\", \"phone\": \"(11) 9999-0000\", \"status\": \"active\"}','::1','Mozilla/5.0 (Windows NT 10.0; Win64; x64) AppleWebKit/537.36 (KHTML, like Gecko) Chrome/140.0.0.0 Safari/537.36','2025-09-25 05:57:20'),(133,2,'LOGIN','users',2,'null','null','::1','Mozilla/5.0 (Windows NT 10.0; Win64; x64) AppleWebKit/537.36 (KHTML, like Gecko) Chrome/140.0.0.0 Safari/537.36','2025-09-25 05:57:39'),(134,2,'UPDATE','users',2,'{\"name\": \"Secretário Municipal SP\", \"role\": \"municipality\", \"email\": \"secretario.sp@prefeitura.sp.gov.br\", \"status\": \"active\"}','{\"name\": \"Secretário Municipal SP\", \"role\": \"municipality\", \"email\": \"secretario.sp@prefeitura.sp.gov.br\", \"status\": \"inactive\"}',NULL,NULL,'2025-09-25 05:57:55'),(135,1,'UPDATE','users',2,'{\"id\": 2, \"name\": \"Secretário Municipal SP\", \"role\": \"municipality\", \"email\": \"secretario.sp@prefeitura.sp.gov.br\", \"phone\": \"(11) 3333-4444\", \"status\": \"active\", \"document\": \"111.222.333-44\", \"password\": \"$2b$10$4cuL4uuwWWpzmQOblUCx/.EmRWCIRyEIefN7cArj1TXNxft3K9KHC\", \"created_at\": \"2025-09-23T15:13:36.000Z\", \"updated_at\": \"2025-09-23T16:18:25.000Z\", \"institute_id\": null, \"municipality_id\": 1}','{\"name\": \"Secretário Municipal SP\", \"role\": \"municipality\", \"email\": \"secretario.sp@prefeitura.sp.gov.br\", \"phone\": \"(11) 3333-4444\", \"status\": \"inactive\"}','::1','Mozilla/5.0 (Windows NT 10.0; Win64; x64) AppleWebKit/537.36 (KHTML, like Gecko) Chrome/140.0.0.0 Safari/537.36','2025-09-25 05:57:55'),(136,2,'UPDATE','users',2,'{\"name\": \"Secretário Municipal SP\", \"role\": \"municipality\", \"email\": \"secretario.sp@prefeitura.sp.gov.br\", \"status\": \"inactive\"}','{\"name\": \"Secretário Municipal SP\", \"role\": \"municipality\", \"email\": \"secretario.sp@prefeitura.sp.gov.br\", \"status\": \"active\"}',NULL,NULL,'2025-09-25 05:58:20'),(137,1,'UPDATE','users',2,'{\"id\": 2, \"name\": \"Secretário Municipal SP\", \"role\": \"municipality\", \"email\": \"secretario.sp@prefeitura.sp.gov.br\", \"phone\": \"(11) 3333-4444\", \"status\": \"inactive\", \"document\": \"111.222.333-44\", \"password\": \"$2b$10$4cuL4uuwWWpzmQOblUCx/.EmRWCIRyEIefN7cArj1TXNxft3K9KHC\", \"created_at\": \"2025-09-23T15:13:36.000Z\", \"updated_at\": \"2025-09-25T05:57:55.000Z\", \"institute_id\": null, \"municipality_id\": 1}','{\"name\": \"Secretário Municipal SP\", \"role\": \"municipality\", \"email\": \"secretario.sp@prefeitura.sp.gov.br\", \"phone\": \"(11) 3333-4444\", \"status\": \"active\"}','::1','Mozilla/5.0 (Windows NT 10.0; Win64; x64) AppleWebKit/537.36 (KHTML, like Gecko) Chrome/140.0.0.0 Safari/537.36','2025-09-25 05:58:20'),(138,10,'INSERT','users',10,NULL,'{\"name\": \"Marcos Vitor\", \"role\": \"municipality\", \"email\": \"marcosvitorlima531@gmail.com\", \"status\": \"active\"}',NULL,NULL,'2025-09-25 06:10:48'),(139,1,'CREATE','users',10,'null','{\"name\": \"Marcos Vitor\", \"role\": \"municipality\", \"email\": \"marcosvitorlima531@gmail.com\", \"status\": \"active\", \"password\": \"1234\", \"municipality_id\": 1}','::1','Mozilla/5.0 (Windows NT 10.0; Win64; x64) AppleWebKit/537.36 (KHTML, like Gecko) Chrome/140.0.0.0 Safari/537.36','2025-09-25 06:10:48'),(140,10,'LOGIN','users',10,'null','null','::1','Mozilla/5.0 (Windows NT 10.0; Win64; x64) AppleWebKit/537.36 (KHTML, like Gecko) Chrome/140.0.0.0 Safari/537.36','2025-09-25 06:11:19'),(141,1,'LOGIN','users',1,'null','null','::1','Mozilla/5.0 (Windows NT 10.0; Win64; x64) AppleWebKit/537.36 (KHTML, like Gecko) Chrome/140.0.0.0 Safari/537.36','2025-09-25 21:45:43'),(142,1,'CREATE','municipalities',4,'null','{\"code\": \"SM001\", \"name\": \"Sena Madureira\", \"state\": \"AC\", \"status\": \"active\", \"address\": \"\", \"population\": 41.343, \"contact_email\": \"prefeiturasm@gmail.com\", \"contact_phone\": \"6899999999\"}',NULL,NULL,'2025-09-25 21:56:56'),(143,1,'UPDATE','municipalities',4,'{\"id\": 4, \"code\": \"SM001\", \"name\": \"Sena Madureira\", \"mayor\": null, \"state\": \"AC\", \"status\": \"active\", \"address\": null, \"created_at\": \"2025-09-25T21:56:56.000Z\", \"population\": 41, \"updated_at\": \"2025-09-25T21:56:56.000Z\", \"contact_email\": \"prefeiturasm@gmail.com\", \"contact_phone\": \"6899999999\", \"health_secretary\": null}','{\"code\": \"SM001\", \"name\": \"Sena Madureira\", \"state\": \"AC\", \"status\": \"active\", \"address\": null, \"population\": 410000, \"contact_email\": \"prefeiturasm@gmail.com\", \"contact_phone\": \"6899999999\"}',NULL,NULL,'2025-09-25 21:57:27'),(144,1,'UPDATE','municipalities',4,'{\"id\": 4, \"code\": \"SM001\", \"name\": \"Sena Madureira\", \"mayor\": null, \"state\": \"AC\", \"status\": \"active\", \"address\": null, \"created_at\": \"2025-09-25T21:56:56.000Z\", \"population\": 410000, \"updated_at\": \"2025-09-25T21:57:27.000Z\", \"contact_email\": \"prefeiturasm@gmail.com\", \"contact_phone\": \"6899999999\", \"health_secretary\": null}','{\"code\": \"SM001\", \"name\": \"Sena Madureira\", \"state\": \"AC\", \"status\": \"active\", \"address\": null, \"population\": 41000, \"contact_email\": \"prefeiturasm@gmail.com\", \"contact_phone\": \"6899999999\"}',NULL,NULL,'2025-09-25 21:57:36'),(145,1,'CREATE','institutes',4,'null','{\"cnpj\": \"\", \"code\": \"SM001dsd\", \"name\": \"Teste\", \"type\": \"private\", \"status\": \"active\", \"address\": \"\", \"director\": \"\", \"specialties\": [\"sim\"], \"contact_email\": \"marcosvitorlima531@gmail.com\", \"contact_phone\": \"31431432421\", \"license_number\": \"\"}',NULL,NULL,'2025-09-25 22:01:20'),(146,1,'CREATE','institutes',5,'null','{\"cnpj\": \"\", \"code\": \"SM001\", \"name\": \"Marcos Vitor\", \"type\": \"private\", \"status\": \"active\", \"address\": \"\", \"director\": \"\", \"specialties\": [\"Cardiologista\"], \"contact_email\": \"marcosvitorlima531@gmail.com\", \"contact_phone\": \"6899999999\", \"license_number\": \"\"}',NULL,NULL,'2025-09-25 22:04:22'),(147,1,'UPDATE','municipalities',4,'{\"id\": 4, \"code\": \"SM001\", \"name\": \"Sena Madureira\", \"mayor\": null, \"state\": \"AC\", \"status\": \"active\", \"address\": null, \"created_at\": \"2025-09-25T21:56:56.000Z\", \"population\": 41000, \"updated_at\": \"2025-09-25T21:57:36.000Z\", \"contact_email\": \"prefeiturasm@gmail.com\", \"contact_phone\": \"6899999999\", \"health_secretary\": null}','{\"code\": \"SM002\", \"name\": \"Sena Madureira\", \"state\": \"AC\", \"status\": \"active\", \"address\": null, \"population\": 41000, \"contact_email\": \"prefeiturasm@gmail.com\", \"contact_phone\": \"6899999999\"}',NULL,NULL,'2025-09-25 22:07:46'),(148,1,'CREATE','institutes',6,'null','{\"cnpj\": \"\", \"code\": \"dasdas\", \"name\": \"dsada\", \"type\": \"private\", \"status\": \"active\", \"address\": \"\", \"director\": \"\", \"specialties\": [\"dasdas\", \"dasdasd\"], \"contact_email\": \"marcosvitorlima531@gmail.com\", \"contact_phone\": \"321312\", \"license_number\": \"\"}',NULL,NULL,'2025-09-25 22:14:23'),(149,1,'LOGIN','users',1,'null','null','::1','PostmanRuntime/7.47.1','2025-09-25 22:16:58'),(150,1,'LOGIN','users',1,'null','null','::1','PostmanRuntime/7.47.1','2025-09-25 22:17:56'),(151,1,'DELETE','institutes',6,'null','{\"status\": \"inactive\"}',NULL,NULL,'2025-09-25 22:20:24'),(152,1,'DELETE','institutes',5,'{\"id\": 5, \"cnpj\": null, \"code\": \"SM001\", \"name\": \"Marcos Vitor\", \"type\": \"private\", \"status\": \"active\", \"address\": null, \"director\": null, \"created_at\": \"2025-09-25T22:04:22.000Z\", \"updated_at\": \"2025-09-25T22:04:22.000Z\", \"specialties\": [\"Cardiologista\"], \"contact_email\": \"marcosvitorlima531@gmail.com\", \"contact_phone\": \"6899999999\", \"license_number\": null}','{\"status\": \"inactive\"}',NULL,NULL,'2025-09-25 22:58:53'),(153,1,'DELETE','institutes',4,'{\"id\": 4, \"cnpj\": null, \"code\": \"SM001dsd\", \"name\": \"Teste\", \"type\": \"private\", \"status\": \"active\", \"address\": null, \"director\": null, \"created_at\": \"2025-09-25T22:01:19.000Z\", \"updated_at\": \"2025-09-25T22:01:19.000Z\", \"specialties\": [\"sim\"], \"contact_email\": \"marcosvitorlima531@gmail.com\", \"contact_phone\": \"31431432421\", \"license_number\": null}','{\"status\": \"inactive\"}',NULL,NULL,'2025-09-25 22:59:17'),(154,1,'DELETE','institutes',4,'{\"id\": 4, \"cnpj\": null, \"code\": \"SM001dsd\", \"name\": \"Teste\", \"type\": \"private\", \"status\": \"inactive\", \"address\": null, \"director\": null, \"created_at\": \"2025-09-25T22:01:19.000Z\", \"updated_at\": \"2025-09-25T22:59:17.000Z\", \"specialties\": [\"sim\"], \"contact_email\": \"marcosvitorlima531@gmail.com\", \"contact_phone\": \"31431432421\", \"license_number\": null}','{\"status\": \"inactive\"}',NULL,NULL,'2025-09-25 23:01:17'),(155,1,'DELETE','institutes',5,'{\"id\": 5, \"cnpj\": null, \"code\": \"SM001\", \"name\": \"Marcos Vitor\", \"type\": \"private\", \"status\": \"inactive\", \"address\": null, \"director\": null, \"created_at\": \"2025-09-25T22:04:22.000Z\", \"updated_at\": \"2025-09-25T22:58:53.000Z\", \"specialties\": [\"Cardiologista\"], \"contact_email\": \"marcosvitorlima531@gmail.com\", \"contact_phone\": \"6899999999\", \"license_number\": null}','{\"status\": \"inactive\"}',NULL,NULL,'2025-09-25 23:05:02'),(156,1,'DELETE','institutes',5,'{\"id\": 5, \"cnpj\": null, \"code\": \"SM001\", \"name\": \"Marcos Vitor\", \"type\": \"private\", \"status\": \"inactive\", \"address\": null, \"director\": null, \"created_at\": \"2025-09-25T22:04:22.000Z\", \"updated_at\": \"2025-09-25T22:58:53.000Z\", \"specialties\": [\"Cardiologista\"], \"contact_email\": \"marcosvitorlima531@gmail.com\", \"contact_phone\": \"6899999999\", \"license_number\": null}','{\"status\": \"inactive\"}',NULL,NULL,'2025-09-25 23:06:59'),(157,1,'CREATE','institutes',8,'null','{\"cnpj\": \"\", \"code\": \"SM001dsdhh\", \"name\": \"Marcos Vitor\", \"type\": \"private\", \"status\": \"active\", \"address\": \"\", \"director\": \"\", \"specialties\": [\"Cardiologista\"], \"contact_email\": \"marcosvitorlima531@gmail.com\", \"contact_phone\": \"6899999999\", \"license_number\": \"\"}',NULL,NULL,'2025-09-25 23:13:39'),(158,1,'DELETE','institutes',8,'{\"id\": 8, \"cnpj\": null, \"code\": \"SM001dsdhh\", \"name\": \"Marcos Vitor\", \"type\": \"private\", \"status\": \"active\", \"address\": null, \"director\": null, \"created_at\": \"2025-09-25T23:13:39.000Z\", \"updated_at\": \"2025-09-25T23:13:39.000Z\", \"specialties\": [\"Cardiologista\"], \"contact_email\": \"marcosvitorlima531@gmail.com\", \"contact_phone\": \"6899999999\", \"license_number\": null}','{\"status\": \"inactive\"}',NULL,NULL,'2025-09-25 23:13:56'),(159,1,'UPDATE','institutes',3,'{\"id\": 3, \"cnpj\": \"34.567.890/0001-23\", \"code\": \"INTO001\", \"name\": \"Instituto Nacional de Traumatologia\", \"type\": \"public\", \"status\": \"active\", \"address\": \"Av. Brasil, 500 - Caju, Rio de Janeiro - RJ\", \"director\": \"Dr. Marcos Pontes\", \"created_at\": \"2025-09-23T15:13:36.000Z\", \"updated_at\": \"2025-09-23T15:13:36.000Z\", \"specialties\": [\"Ortopedia\", \"Traumatologia\", \"Fisioterapia\"], \"contact_email\": \"diretoria@into.saude.gov.br\", \"contact_phone\": \"(21) 2134-5000\", \"license_number\": \"CNES-345678\"}','{\"cnpj\": \"34.567.890/0001-23\", \"code\": \"INTO001\", \"name\": \"Instituto Nacional de Traumatologia\", \"type\": \"public\", \"status\": \"active\", \"address\": \"Av. Brasil, 500 - Caju, Rio de Janeiro - RJ\", \"director\": \"Dr. Marcos Pontes\", \"specialties\": [\"Ortopedia\", \"Traumatologia\", \"Fisioterapia\", \"Dermatologia\"], \"contact_email\": \"diretoria@into.saude.gov.br\", \"contact_phone\": \"(21) 2134-5000\", \"license_number\": \"CNES-345678\"}',NULL,NULL,'2025-09-25 23:17:20'),(160,1,'CREATE','institutes',9,'null','{\"cnpj\": \"\", \"code\": \"dasdasdsa\", \"name\": \"Marcos Vitor\", \"type\": \"private\", \"status\": \"active\", \"address\": \"dsadsaasd123\", \"director\": \"\", \"specialties\": [\"Cardiologista\"], \"contact_email\": \"marcosvitorlima531@gmail.com\", \"contact_phone\": \"6899999999\", \"license_number\": \"\"}',NULL,NULL,'2025-09-25 23:20:17'),(161,1,'CREATE','professionals',5,'null','{\"name\": \"Marcos Vitor\", \"email\": \"marcosvitorlima531@gmail.com\", \"phone\": \"6899999999\", \"status\": \"active\", \"specialty\": \"cardio\", \"institute_id\": 2, \"registration_number\": \"12321312\", \"registration_council\": \"CRM\"}',NULL,NULL,'2025-09-25 23:41:09'),(162,1,'LOGIN','users',1,'null','null','::1','Mozilla/5.0 (Windows NT 10.0; Win64; x64) AppleWebKit/537.36 (KHTML, like Gecko) Chrome/140.0.0.0 Safari/537.36','2025-09-26 05:39:12'),(163,1,'LOGIN','users',1,'null','null','::1','Mozilla/5.0 (Windows NT 10.0; Win64; x64) AppleWebKit/537.36 (KHTML, like Gecko) Chrome/140.0.0.0 Safari/537.36','2025-09-26 05:40:31'),(164,2,'LOGIN','users',2,'null','null','::1','Mozilla/5.0 (Windows NT 10.0; Win64; x64) AppleWebKit/537.36 (KHTML, like Gecko) Chrome/140.0.0.0 Safari/537.36','2025-09-26 05:41:49'),(165,1,'LOGIN','users',1,'null','null','::1','Mozilla/5.0 (Windows NT 10.0; Win64; x64) AppleWebKit/537.36 (KHTML, like Gecko) Chrome/140.0.0.0 Safari/537.36','2025-09-26 05:44:08'),(166,11,'INSERT','users',11,NULL,'{\"name\": \"Marcos Vitor\", \"role\": \"professional\", \"email\": \"marcosvitorlima532@gmail.com\", \"status\": \"active\"}',NULL,NULL,'2025-09-26 05:50:07'),(167,1,'CREATE','users',11,'null','{\"name\": \"Marcos Vitor\", \"role\": \"professional\", \"email\": \"marcosvitorlima532@gmail.com\", \"status\": \"active\", \"password\": \"1234\", \"institute_id\": 2}','::1','Mozilla/5.0 (Windows NT 10.0; Win64; x64) AppleWebKit/537.36 (KHTML, like Gecko) Chrome/140.0.0.0 Safari/537.36','2025-09-26 05:50:07'),(168,11,'UPDATE','users',11,'{\"name\": \"Marcos Vitor\", \"role\": \"professional\", \"email\": \"marcosvitorlima532@gmail.com\", \"status\": \"active\"}','{\"name\": \"Marcos Vitor\", \"role\": \"professional\", \"email\": \"marcosvitorlima532@gmail.com\", \"status\": \"active\"}',NULL,NULL,'2025-09-26 05:50:16'),(169,1,'UPDATE','users',11,'{\"id\": 11, \"name\": \"Marcos Vitor\", \"role\": \"professional\", \"email\": \"marcosvitorlima532@gmail.com\", \"phone\": null, \"status\": \"active\", \"document\": null, \"password\": \"$2b$12$xBa8PfhupVAD5kWm/m6Lj.n3TmCBQ/ENvB.UUox78PYiebLb0j8he\", \"created_at\": \"2025-09-26T05:50:07.000Z\", \"updated_at\": \"2025-09-26T05:50:07.000Z\", \"institute_id\": 2, \"municipality_id\": null}','{\"name\": \"Marcos Vitor\", \"role\": \"professional\", \"email\": \"marcosvitorlima532@gmail.com\", \"phone\": \"6899999999\", \"status\": \"active\", \"institute_id\": 2, \"municipality_id\": null}','::1','Mozilla/5.0 (Windows NT 10.0; Win64; x64) AppleWebKit/537.36 (KHTML, like Gecko) Chrome/140.0.0.0 Safari/537.36','2025-09-26 05:50:16'),(170,1,'LOGIN','users',1,'null','null','::1','Mozilla/5.0 (Windows NT 10.0; Win64; x64) AppleWebKit/537.36 (KHTML, like Gecko) Chrome/140.0.0.0 Safari/537.36','2025-09-26 06:02:49'),(171,1,'LOGIN','users',1,'null','null','::1','Mozilla/5.0 (Windows NT 10.0; Win64; x64) AppleWebKit/537.36 (KHTML, like Gecko) Chrome/140.0.0.0 Safari/537.36','2025-09-26 21:28:09'),(172,1,'UPDATE','users',1,'{\"name\": \"Administrador Sistema\", \"role\": \"admin\", \"email\": \"marcos@gmail.com\", \"status\": \"active\"}','{\"name\": \"Alpha Sistemas\", \"role\": \"admin\", \"email\": \"marcos@gmail.com\", \"status\": \"active\"}',NULL,NULL,'2025-09-26 21:42:17'),(173,1,'UPDATE','users',1,'{\"id\": 1, \"name\": \"Administrador Sistema\", \"role\": \"admin\", \"email\": \"marcos@gmail.com\", \"phone\": \"(11) 99999-9999\", \"status\": \"active\", \"document\": \"123.456.789-00\", \"password\": \"$2b$10$4cuL4uuwWWpzmQOblUCx/.EmRWCIRyEIefN7cArj1TXNxft3K9KHC\", \"created_at\": \"2025-09-23T15:13:36.000Z\", \"updated_at\": \"2025-09-25T03:38:46.000Z\", \"institute_id\": null, \"municipality_id\": null}','{\"name\": \"Alpha Sistemas\", \"email\": \"marcos@gmail.com\", \"phone\": \"(11) 99999-9999\"}',NULL,NULL,'2025-09-26 21:42:17'),(174,1,'UPDATE','users',1,'{\"name\": \"Alpha Sistemas\", \"role\": \"admin\", \"email\": \"marcos@gmail.com\", \"status\": \"active\"}','{\"name\": \"Alpha Sistemas\", \"role\": \"admin\", \"email\": \"marcos@gmail.com\", \"status\": \"active\"}',NULL,NULL,'2025-09-26 21:43:00'),(175,1,'UPDATE','users',1,'null','{\"passwordChanged\": true}',NULL,NULL,'2025-09-26 21:43:00'),(176,2,'LOGIN','users',2,'null','null','::1','Mozilla/5.0 (Windows NT 10.0; Win64; x64) AppleWebKit/537.36 (KHTML, like Gecko) Chrome/140.0.0.0 Safari/537.36','2025-09-26 21:43:17'),(177,2,'UPDATE','system_settings',NULL,'{}','{}',NULL,NULL,'2025-09-26 21:44:49'),(178,2,'UPDATE','users',2,'{\"name\": \"Secretário Municipal SP\", \"role\": \"municipality\", \"email\": \"secretario.sp@prefeitura.sp.gov.br\", \"status\": \"active\"}','{\"name\": \"Secretário Municipal SP\", \"role\": \"municipality\", \"email\": \"secretario.sp@prefeitura.sp.gov.br\", \"status\": \"active\"}',NULL,NULL,'2025-09-26 21:45:13'),(179,2,'UPDATE','users',2,'null','{\"passwordChanged\": true}',NULL,NULL,'2025-09-26 21:45:13'),(180,2,'LOGIN','users',2,'null','null','::1','Mozilla/5.0 (Windows NT 10.0; Win64; x64) AppleWebKit/537.36 (KHTML, like Gecko) Chrome/140.0.0.0 Safari/537.36','2025-09-26 21:45:26'),(181,2,'UPDATE','system_settings',NULL,'{}','{\"language\": \"sim\", \"timezone\": \"12321\", \"autoBackup\": true, \"dataRetention\": \"3\"}',NULL,NULL,'2025-09-26 21:51:37'),(182,1,'LOGIN','users',1,'null','null','::1','Mozilla/5.0 (Windows NT 10.0; Win64; x64) AppleWebKit/537.36 (KHTML, like Gecko) Chrome/140.0.0.0 Safari/537.36','2025-09-26 21:58:22'),(183,2,'LOGIN','users',2,'null','null','::1','Mozilla/5.0 (Windows NT 10.0; Win64; x64) AppleWebKit/537.36 (KHTML, like Gecko) Chrome/140.0.0.0 Safari/537.36','2025-09-26 22:03:02'),(184,1,'LOGIN','users',1,'null','null','::1','Mozilla/5.0 (Windows NT 10.0; Win64; x64) AppleWebKit/537.36 (KHTML, like Gecko) Chrome/140.0.0.0 Safari/537.36','2025-09-26 22:04:18'),(185,1,'UPDATE','system_settings',NULL,'{\"language\": \"sim\", \"timezone\": 12321, \"autoBackup\": true, \"dataRetention\": 3}','{\"language\": \"Portugues\", \"timezone\": \"GMT-5\", \"autoBackup\": true, \"dataRetention\": \"100\"}',NULL,NULL,'2025-09-26 22:05:00'),(186,1,'LOGIN','users',1,'null','null','::1','Mozilla/5.0 (Windows NT 10.0; Win64; x64) AppleWebKit/537.36 (KHTML, like Gecko) Chrome/140.0.0.0 Safari/537.36','2025-09-26 22:39:12'),(187,1,'UPDATE','users',1,'{\"name\": \"Alpha Sistemas\", \"role\": \"admin\", \"email\": \"marcos@gmail.com\", \"status\": \"active\"}','{\"name\": \"Alpha Sistemas\", \"role\": \"admin\", \"email\": \"marcos@gmail.com\", \"status\": \"active\"}',NULL,NULL,'2025-09-26 22:39:17'),(188,1,'UPDATE','users',1,'{\"name\": \"Alpha Sistemas\", \"role\": \"admin\", \"email\": \"marcos@gmail.com\", \"status\": \"active\"}','{\"name\": \"Alpha Sistemas\", \"role\": \"admin\", \"email\": \"marcos@gmail.com\", \"status\": \"active\"}',NULL,NULL,'2025-09-26 22:39:17'),(189,1,'UPDATE','users',1,'{\"name\": \"Alpha Sistemas\", \"role\": \"admin\", \"email\": \"marcos@gmail.com\", \"status\": \"active\"}','{\"name\": \"Alpha Sistemas\", \"role\": \"admin\", \"email\": \"marcos@gmail.com\", \"status\": \"active\"}',NULL,NULL,'2025-09-26 22:39:17'),(190,1,'UPDATE','users',1,'{\"name\": \"Alpha Sistemas\", \"role\": \"admin\", \"email\": \"marcos@gmail.com\", \"status\": \"active\"}','{\"name\": \"Alpha Sistemas\", \"role\": \"admin\", \"email\": \"marcos@gmail.com\", \"status\": \"active\"}',NULL,NULL,'2025-09-26 22:39:17'),(191,1,'UPDATE','users',1,'{\"name\": \"Alpha Sistemas\", \"role\": \"admin\", \"email\": \"marcos@gmail.com\", \"status\": \"active\"}','{\"name\": \"Alpha Sistemas\", \"role\": \"admin\", \"email\": \"marcos@gmail.com\", \"status\": \"active\"}',NULL,NULL,'2025-09-26 22:39:17'),(192,1,'UPDATE','users',1,'{\"name\": \"Alpha Sistemas\", \"role\": \"admin\", \"email\": \"marcos@gmail.com\", \"status\": \"active\"}','{\"name\": \"Alpha Sistemas\", \"role\": \"admin\", \"email\": \"marcos@gmail.com\", \"status\": \"active\"}',NULL,NULL,'2025-09-26 22:39:17'),(193,1,'UPDATE','users',1,'{\"name\": \"Alpha Sistemas\", \"role\": \"admin\", \"email\": \"marcos@gmail.com\", \"status\": \"active\"}','{\"name\": \"Alpha Sistemas\", \"role\": \"admin\", \"email\": \"marcos@gmail.com\", \"status\": \"active\"}',NULL,NULL,'2025-09-26 22:39:17'),(194,1,'UPDATE','users',1,'{\"name\": \"Alpha Sistemas\", \"role\": \"admin\", \"email\": \"marcos@gmail.com\", \"status\": \"active\"}','{\"name\": \"Alpha Sistemas\", \"role\": \"admin\", \"email\": \"marcos@gmail.com\", \"status\": \"active\"}',NULL,NULL,'2025-09-26 22:39:17'),(195,1,'UPDATE','users',1,'{\"name\": \"Alpha Sistemas\", \"role\": \"admin\", \"email\": \"marcos@gmail.com\", \"status\": \"active\"}','{\"name\": \"Alpha Sistemas\", \"role\": \"admin\", \"email\": \"marcos@gmail.com\", \"status\": \"active\"}',NULL,NULL,'2025-09-26 22:39:17'),(196,1,'UPDATE','users',1,'{\"name\": \"Alpha Sistemas\", \"role\": \"admin\", \"email\": \"marcos@gmail.com\", \"status\": \"active\"}','{\"name\": \"Alpha Sistemas\", \"role\": \"admin\", \"email\": \"marcos@gmail.com\", \"status\": \"active\"}',NULL,NULL,'2025-09-26 22:39:17'),(197,1,'UPDATE','users',1,'{\"name\": \"Alpha Sistemas\", \"role\": \"admin\", \"email\": \"marcos@gmail.com\", \"status\": \"active\"}','{\"name\": \"Alpha Sistemas\", \"role\": \"admin\", \"email\": \"marcos@gmail.com\", \"status\": \"active\"}',NULL,NULL,'2025-09-26 22:39:17'),(198,1,'UPDATE','users',1,'{\"name\": \"Alpha Sistemas\", \"role\": \"admin\", \"email\": \"marcos@gmail.com\", \"status\": \"active\"}','{\"name\": \"Alpha Sistemas\", \"role\": \"admin\", \"email\": \"marcos@gmail.com\", \"status\": \"active\"}',NULL,NULL,'2025-09-26 22:39:17'),(199,1,'UPDATE','users',1,'{\"name\": \"Alpha Sistemas\", \"role\": \"admin\", \"email\": \"marcos@gmail.com\", \"status\": \"active\"}','{\"name\": \"Alpha Sistemas\", \"role\": \"admin\", \"email\": \"marcos@gmail.com\", \"status\": \"active\"}',NULL,NULL,'2025-09-26 22:39:17'),(200,1,'UPDATE','users',1,'{\"name\": \"Alpha Sistemas\", \"role\": \"admin\", \"email\": \"marcos@gmail.com\", \"status\": \"active\"}','{\"name\": \"Alpha Sistemas\", \"role\": \"admin\", \"email\": \"marcos@gmail.com\", \"status\": \"active\"}',NULL,NULL,'2025-09-26 22:39:17'),(201,1,'UPDATE','users',1,'{\"name\": \"Alpha Sistemas\", \"role\": \"admin\", \"email\": \"marcos@gmail.com\", \"status\": \"active\"}','{\"name\": \"Alpha Sistemas\", \"role\": \"admin\", \"email\": \"marcos@gmail.com\", \"status\": \"active\"}',NULL,NULL,'2025-09-26 22:39:17'),(202,1,'UPDATE','users',1,'{\"name\": \"Alpha Sistemas\", \"role\": \"admin\", \"email\": \"marcos@gmail.com\", \"status\": \"active\"}','{\"name\": \"Alpha Sistemas\", \"role\": \"admin\", \"email\": \"marcos@gmail.com\", \"status\": \"active\"}',NULL,NULL,'2025-09-26 22:39:18'),(203,1,'UPDATE','users',1,'{\"name\": \"Alpha Sistemas\", \"role\": \"admin\", \"email\": \"marcos@gmail.com\", \"status\": \"active\"}','{\"name\": \"Alpha Sistemas\", \"role\": \"admin\", \"email\": \"marcos@gmail.com\", \"status\": \"active\"}',NULL,NULL,'2025-09-26 22:40:08'),(204,1,'UPDATE','users',1,'{\"name\": \"Alpha Sistemas\", \"role\": \"admin\", \"email\": \"marcos@gmail.com\", \"status\": \"active\"}','{\"name\": \"Alpha Sistemas\", \"role\": \"admin\", \"email\": \"marcos@gmail.com\", \"status\": \"active\"}',NULL,NULL,'2025-09-26 22:40:08'),(205,1,'UPDATE','users',1,'{\"name\": \"Alpha Sistemas\", \"role\": \"admin\", \"email\": \"marcos@gmail.com\", \"status\": \"active\"}','{\"name\": \"Alpha Sistemas\", \"role\": \"admin\", \"email\": \"marcos@gmail.com\", \"status\": \"active\"}',NULL,NULL,'2025-09-26 22:40:08'),(206,1,'UPDATE','users',1,'{\"name\": \"Alpha Sistemas\", \"role\": \"admin\", \"email\": \"marcos@gmail.com\", \"status\": \"active\"}','{\"name\": \"Alpha Sistemas\", \"role\": \"admin\", \"email\": \"marcos@gmail.com\", \"status\": \"active\"}',NULL,NULL,'2025-09-26 22:40:08'),(207,1,'UPDATE','users',1,'{\"name\": \"Alpha Sistemas\", \"role\": \"admin\", \"email\": \"marcos@gmail.com\", \"status\": \"active\"}','{\"name\": \"Alpha Sistemas\", \"role\": \"admin\", \"email\": \"marcos@gmail.com\", \"status\": \"active\"}',NULL,NULL,'2025-09-26 22:40:08'),(208,1,'UPDATE','users',1,'{\"name\": \"Alpha Sistemas\", \"role\": \"admin\", \"email\": \"marcos@gmail.com\", \"status\": \"active\"}','{\"name\": \"Alpha Sistemas\", \"role\": \"admin\", \"email\": \"marcos@gmail.com\", \"status\": \"active\"}',NULL,NULL,'2025-09-26 22:40:08'),(209,1,'UPDATE','users',1,'{\"name\": \"Alpha Sistemas\", \"role\": \"admin\", \"email\": \"marcos@gmail.com\", \"status\": \"active\"}','{\"name\": \"Alpha Sistemas\", \"role\": \"admin\", \"email\": \"marcos@gmail.com\", \"status\": \"active\"}',NULL,NULL,'2025-09-26 22:40:08'),(210,1,'UPDATE','users',1,'{\"name\": \"Alpha Sistemas\", \"role\": \"admin\", \"email\": \"marcos@gmail.com\", \"status\": \"active\"}','{\"name\": \"Alpha Sistemas\", \"role\": \"admin\", \"email\": \"marcos@gmail.com\", \"status\": \"active\"}',NULL,NULL,'2025-09-26 22:40:08'),(211,1,'UPDATE','users',1,'{\"name\": \"Alpha Sistemas\", \"role\": \"admin\", \"email\": \"marcos@gmail.com\", \"status\": \"active\"}','{\"name\": \"Alpha Sistemas\", \"role\": \"admin\", \"email\": \"marcos@gmail.com\", \"status\": \"active\"}',NULL,NULL,'2025-09-26 22:40:08'),(212,1,'UPDATE','users',1,'{\"name\": \"Alpha Sistemas\", \"role\": \"admin\", \"email\": \"marcos@gmail.com\", \"status\": \"active\"}','{\"name\": \"Alpha Sistemas\", \"role\": \"admin\", \"email\": \"marcos@gmail.com\", \"status\": \"active\"}',NULL,NULL,'2025-09-26 22:40:08'),(213,1,'UPDATE','users',1,'{\"name\": \"Alpha Sistemas\", \"role\": \"admin\", \"email\": \"marcos@gmail.com\", \"status\": \"active\"}','{\"name\": \"Alpha Sistemas\", \"role\": \"admin\", \"email\": \"marcos@gmail.com\", \"status\": \"active\"}',NULL,NULL,'2025-09-26 22:40:09'),(214,1,'UPDATE','users',1,'{\"name\": \"Alpha Sistemas\", \"role\": \"admin\", \"email\": \"marcos@gmail.com\", \"status\": \"active\"}','{\"name\": \"Alpha Sistemas\", \"role\": \"admin\", \"email\": \"marcos@gmail.com\", \"status\": \"active\"}',NULL,NULL,'2025-09-26 22:40:11'),(215,1,'UPDATE','users',1,'{\"name\": \"Alpha Sistemas\", \"role\": \"admin\", \"email\": \"marcos@gmail.com\", \"status\": \"active\"}','{\"name\": \"Alpha Sistemas\", \"role\": \"admin\", \"email\": \"marcos@gmail.com\", \"status\": \"active\"}',NULL,NULL,'2025-09-26 22:40:11'),(216,1,'UPDATE','users',1,'{\"name\": \"Alpha Sistemas\", \"role\": \"admin\", \"email\": \"marcos@gmail.com\", \"status\": \"active\"}','{\"name\": \"Alpha Sistemas\", \"role\": \"admin\", \"email\": \"marcos@gmail.com\", \"status\": \"active\"}',NULL,NULL,'2025-09-26 22:40:11'),(217,1,'UPDATE','users',1,'{\"name\": \"Alpha Sistemas\", \"role\": \"admin\", \"email\": \"marcos@gmail.com\", \"status\": \"active\"}','{\"name\": \"Alpha Sistemas\", \"role\": \"admin\", \"email\": \"marcos@gmail.com\", \"status\": \"active\"}',NULL,NULL,'2025-09-26 22:40:11'),(218,1,'UPDATE','users',1,'{\"name\": \"Alpha Sistemas\", \"role\": \"admin\", \"email\": \"marcos@gmail.com\", \"status\": \"active\"}','{\"name\": \"Alpha Sistemas\", \"role\": \"admin\", \"email\": \"marcos@gmail.com\", \"status\": \"active\"}',NULL,NULL,'2025-09-26 22:40:11'),(219,1,'UPDATE','users',1,'{\"name\": \"Alpha Sistemas\", \"role\": \"admin\", \"email\": \"marcos@gmail.com\", \"status\": \"active\"}','{\"name\": \"Alpha Sistemas\", \"role\": \"admin\", \"email\": \"marcos@gmail.com\", \"status\": \"active\"}',NULL,NULL,'2025-09-26 22:40:36'),(220,1,'UPDATE','users',1,'{\"name\": \"Alpha Sistemas\", \"role\": \"admin\", \"email\": \"marcos@gmail.com\", \"status\": \"active\"}','{\"name\": \"Alpha Sistemas\", \"role\": \"admin\", \"email\": \"marcos@gmail.com\", \"status\": \"active\"}',NULL,NULL,'2025-09-26 22:40:36'),(221,1,'UPDATE','users',1,'{\"name\": \"Alpha Sistemas\", \"role\": \"admin\", \"email\": \"marcos@gmail.com\", \"status\": \"active\"}','{\"name\": \"Alpha Sistemas\", \"role\": \"admin\", \"email\": \"marcos@gmail.com\", \"status\": \"active\"}',NULL,NULL,'2025-09-26 22:40:36'),(222,1,'UPDATE','users',1,'{\"name\": \"Alpha Sistemas\", \"role\": \"admin\", \"email\": \"marcos@gmail.com\", \"status\": \"active\"}','{\"name\": \"Alpha Sistemas\", \"role\": \"admin\", \"email\": \"marcos@gmail.com\", \"status\": \"active\"}',NULL,NULL,'2025-09-26 22:40:36'),(223,1,'UPDATE','users',1,'{\"name\": \"Alpha Sistemas\", \"role\": \"admin\", \"email\": \"marcos@gmail.com\", \"status\": \"active\"}','{\"name\": \"Alpha Sistemas\", \"role\": \"admin\", \"email\": \"marcos@gmail.com\", \"status\": \"active\"}',NULL,NULL,'2025-09-26 22:40:36'),(224,1,'UPDATE','users',1,'{\"name\": \"Alpha Sistemas\", \"role\": \"admin\", \"email\": \"marcos@gmail.com\", \"status\": \"active\"}','{\"name\": \"Alpha Sistemas\", \"role\": \"admin\", \"email\": \"marcos@gmail.com\", \"status\": \"active\"}',NULL,NULL,'2025-09-26 22:40:36'),(225,1,'UPDATE','users',1,'{\"name\": \"Alpha Sistemas\", \"role\": \"admin\", \"email\": \"marcos@gmail.com\", \"status\": \"active\"}','{\"name\": \"Alpha Sistemas\", \"role\": \"admin\", \"email\": \"marcos@gmail.com\", \"status\": \"active\"}',NULL,NULL,'2025-09-26 22:40:36'),(226,1,'UPDATE','users',1,'{\"name\": \"Alpha Sistemas\", \"role\": \"admin\", \"email\": \"marcos@gmail.com\", \"status\": \"active\"}','{\"name\": \"Alpha Sistemas\", \"role\": \"admin\", \"email\": \"marcos@gmail.com\", \"status\": \"active\"}',NULL,NULL,'2025-09-26 22:40:36'),(227,1,'UPDATE','users',1,'{\"name\": \"Alpha Sistemas\", \"role\": \"admin\", \"email\": \"marcos@gmail.com\", \"status\": \"active\"}','{\"name\": \"Alpha Sistemas\", \"role\": \"admin\", \"email\": \"marcos@gmail.com\", \"status\": \"active\"}',NULL,NULL,'2025-09-26 22:40:36'),(228,1,'UPDATE','users',1,'{\"name\": \"Alpha Sistemas\", \"role\": \"admin\", \"email\": \"marcos@gmail.com\", \"status\": \"active\"}','{\"name\": \"Alpha Sistemas\", \"role\": \"admin\", \"email\": \"marcos@gmail.com\", \"status\": \"active\"}',NULL,NULL,'2025-09-26 22:40:36'),(229,1,'UPDATE','users',1,'{\"name\": \"Alpha Sistemas\", \"role\": \"admin\", \"email\": \"marcos@gmail.com\", \"status\": \"active\"}','{\"name\": \"Alpha Sistemas\", \"role\": \"admin\", \"email\": \"marcos@gmail.com\", \"status\": \"active\"}',NULL,NULL,'2025-09-26 22:40:36'),(230,1,'UPDATE','users',1,'{\"name\": \"Alpha Sistemas\", \"role\": \"admin\", \"email\": \"marcos@gmail.com\", \"status\": \"active\"}','{\"name\": \"Alpha Sistemas\", \"role\": \"admin\", \"email\": \"marcos@gmail.com\", \"status\": \"active\"}',NULL,NULL,'2025-09-26 22:40:36'),(231,1,'UPDATE','users',1,'{\"name\": \"Alpha Sistemas\", \"role\": \"admin\", \"email\": \"marcos@gmail.com\", \"status\": \"active\"}','{\"name\": \"Alpha Sistemas\", \"role\": \"admin\", \"email\": \"marcos@gmail.com\", \"status\": \"active\"}',NULL,NULL,'2025-09-26 22:40:36'),(232,1,'UPDATE','users',1,'{\"name\": \"Alpha Sistemas\", \"role\": \"admin\", \"email\": \"marcos@gmail.com\", \"status\": \"active\"}','{\"name\": \"Alpha Sistemas\", \"role\": \"admin\", \"email\": \"marcos@gmail.com\", \"status\": \"active\"}',NULL,NULL,'2025-09-26 22:40:36'),(233,1,'UPDATE','users',1,'{\"name\": \"Alpha Sistemas\", \"role\": \"admin\", \"email\": \"marcos@gmail.com\", \"status\": \"active\"}','{\"name\": \"Alpha Sistemas\", \"role\": \"admin\", \"email\": \"marcos@gmail.com\", \"status\": \"active\"}',NULL,NULL,'2025-09-26 22:40:36'),(234,1,'UPDATE','users',1,'{\"name\": \"Alpha Sistemas\", \"role\": \"admin\", \"email\": \"marcos@gmail.com\", \"status\": \"active\"}','{\"name\": \"Alpha Sistemas\", \"role\": \"admin\", \"email\": \"marcos@gmail.com\", \"status\": \"active\"}',NULL,NULL,'2025-09-26 22:40:36'),(235,2,'LOGIN','users',2,'null','null','::1','Mozilla/5.0 (Windows NT 10.0; Win64; x64) AppleWebKit/537.36 (KHTML, like Gecko) Chrome/140.0.0.0 Safari/537.36','2025-09-26 22:41:19'),(236,1,'LOGIN','users',1,'null','null','::1','Mozilla/5.0 (Windows NT 10.0; Win64; x64) AppleWebKit/537.36 (KHTML, like Gecko) Chrome/140.0.0.0 Safari/537.36','2025-09-26 22:41:33'),(237,1,'UPDATE','users',1,'{\"name\": \"Alpha Sistemas\", \"role\": \"admin\", \"email\": \"marcos@gmail.com\", \"status\": \"active\"}','{\"name\": \"Alpha Sistemas\", \"role\": \"admin\", \"email\": \"marcos@gmail.com\", \"status\": \"active\"}',NULL,NULL,'2025-09-26 22:41:34'),(238,1,'UPDATE','users',1,'{\"name\": \"Alpha Sistemas\", \"role\": \"admin\", \"email\": \"marcos@gmail.com\", \"status\": \"active\"}','{\"name\": \"Alpha Sistemas\", \"role\": \"admin\", \"email\": \"marcos@gmail.com\", \"status\": \"active\"}',NULL,NULL,'2025-09-26 22:41:34'),(239,1,'UPDATE','users',1,'{\"name\": \"Alpha Sistemas\", \"role\": \"admin\", \"email\": \"marcos@gmail.com\", \"status\": \"active\"}','{\"name\": \"Alpha Sistemas\", \"role\": \"admin\", \"email\": \"marcos@gmail.com\", \"status\": \"active\"}',NULL,NULL,'2025-09-26 22:41:34'),(240,1,'UPDATE','users',1,'{\"name\": \"Alpha Sistemas\", \"role\": \"admin\", \"email\": \"marcos@gmail.com\", \"status\": \"active\"}','{\"name\": \"Alpha Sistemas\", \"role\": \"admin\", \"email\": \"marcos@gmail.com\", \"status\": \"active\"}',NULL,NULL,'2025-09-26 22:41:34'),(241,1,'UPDATE','users',1,'{\"name\": \"Alpha Sistemas\", \"role\": \"admin\", \"email\": \"marcos@gmail.com\", \"status\": \"active\"}','{\"name\": \"Alpha Sistemas\", \"role\": \"admin\", \"email\": \"marcos@gmail.com\", \"status\": \"active\"}',NULL,NULL,'2025-09-26 22:41:34'),(242,1,'UPDATE','users',1,'{\"name\": \"Alpha Sistemas\", \"role\": \"admin\", \"email\": \"marcos@gmail.com\", \"status\": \"active\"}','{\"name\": \"Alpha Sistemas\", \"role\": \"admin\", \"email\": \"marcos@gmail.com\", \"status\": \"active\"}',NULL,NULL,'2025-09-26 22:41:34'),(243,1,'UPDATE','users',1,'{\"name\": \"Alpha Sistemas\", \"role\": \"admin\", \"email\": \"marcos@gmail.com\", \"status\": \"active\"}','{\"name\": \"Alpha Sistemas\", \"role\": \"admin\", \"email\": \"marcos@gmail.com\", \"status\": \"active\"}',NULL,NULL,'2025-09-26 22:41:34'),(244,1,'UPDATE','users',1,'{\"name\": \"Alpha Sistemas\", \"role\": \"admin\", \"email\": \"marcos@gmail.com\", \"status\": \"active\"}','{\"name\": \"Alpha Sistemas\", \"role\": \"admin\", \"email\": \"marcos@gmail.com\", \"status\": \"active\"}',NULL,NULL,'2025-09-26 22:41:34'),(245,1,'UPDATE','users',1,'{\"name\": \"Alpha Sistemas\", \"role\": \"admin\", \"email\": \"marcos@gmail.com\", \"status\": \"active\"}','{\"name\": \"Alpha Sistemas\", \"role\": \"admin\", \"email\": \"marcos@gmail.com\", \"status\": \"active\"}',NULL,NULL,'2025-09-26 22:41:34'),(246,1,'UPDATE','users',1,'{\"name\": \"Alpha Sistemas\", \"role\": \"admin\", \"email\": \"marcos@gmail.com\", \"status\": \"active\"}','{\"name\": \"Alpha Sistemas\", \"role\": \"admin\", \"email\": \"marcos@gmail.com\", \"status\": \"active\"}',NULL,NULL,'2025-09-26 22:41:34'),(247,1,'UPDATE','users',1,'{\"name\": \"Alpha Sistemas\", \"role\": \"admin\", \"email\": \"marcos@gmail.com\", \"status\": \"active\"}','{\"name\": \"Alpha Sistemas\", \"role\": \"admin\", \"email\": \"marcos@gmail.com\", \"status\": \"active\"}',NULL,NULL,'2025-09-26 22:41:34'),(248,1,'UPDATE','users',1,'{\"name\": \"Alpha Sistemas\", \"role\": \"admin\", \"email\": \"marcos@gmail.com\", \"status\": \"active\"}','{\"name\": \"Alpha Sistemas\", \"role\": \"admin\", \"email\": \"marcos@gmail.com\", \"status\": \"active\"}',NULL,NULL,'2025-09-26 22:41:34'),(249,1,'UPDATE','users',1,'{\"name\": \"Alpha Sistemas\", \"role\": \"admin\", \"email\": \"marcos@gmail.com\", \"status\": \"active\"}','{\"name\": \"Alpha Sistemas\", \"role\": \"admin\", \"email\": \"marcos@gmail.com\", \"status\": \"active\"}',NULL,NULL,'2025-09-26 22:41:34'),(250,1,'UPDATE','users',1,'{\"name\": \"Alpha Sistemas\", \"role\": \"admin\", \"email\": \"marcos@gmail.com\", \"status\": \"active\"}','{\"name\": \"Alpha Sistemas\", \"role\": \"admin\", \"email\": \"marcos@gmail.com\", \"status\": \"active\"}',NULL,NULL,'2025-09-26 22:41:34'),(251,1,'UPDATE','users',1,'{\"name\": \"Alpha Sistemas\", \"role\": \"admin\", \"email\": \"marcos@gmail.com\", \"status\": \"active\"}','{\"name\": \"Alpha Sistemas\", \"role\": \"admin\", \"email\": \"marcos@gmail.com\", \"status\": \"active\"}',NULL,NULL,'2025-09-26 22:41:34'),(252,1,'UPDATE','users',1,'{\"name\": \"Alpha Sistemas\", \"role\": \"admin\", \"email\": \"marcos@gmail.com\", \"status\": \"active\"}','{\"name\": \"Alpha Sistemas\", \"role\": \"admin\", \"email\": \"marcos@gmail.com\", \"status\": \"active\"}',NULL,NULL,'2025-09-26 22:41:34'),(253,2,'LOGIN','users',2,'null','null','::1','Mozilla/5.0 (Windows NT 10.0; Win64; x64) AppleWebKit/537.36 (KHTML, like Gecko) Chrome/140.0.0.0 Safari/537.36','2025-09-26 22:42:36'),(254,1,'LOGIN','users',1,'null','null','::1','Mozilla/5.0 (Windows NT 10.0; Win64; x64) AppleWebKit/537.36 (KHTML, like Gecko) Chrome/140.0.0.0 Safari/537.36','2025-09-26 22:44:03'),(255,2,'LOGIN','users',2,'null','null','::1','Mozilla/5.0 (Windows NT 10.0; Win64; x64) AppleWebKit/537.36 (KHTML, like Gecko) Chrome/140.0.0.0 Safari/537.36','2025-09-26 23:00:53'),(256,2,'CREATE','patients',8,'null','{\"name\": \"Marcos Vitor\", \"phone\": \"6899999999\", \"gender\": \"M\", \"status\": \"active\", \"address\": \"dsadsafa\", \"document\": \"08963747262\", \"sus_card\": \"2134214214\", \"birth_date\": \"2025-09-26\", \"municipality_id\": 1}',NULL,NULL,'2025-09-27 02:55:33'),(257,2,'CREATE','requests',1,'null','{\"priority\": \"high\", \"specialty\": \"Nenhuma\", \"patient_id\": 8, \"description\": \"dsdasdas\", \"service_type\": \"consultation\", \"clinical_data\": \"12321312312\", \"request_number\": \"REQ-20250927-8BNB8H\", \"requested_date\": \"2025-09-27\", \"municipality_id\": 1}',NULL,NULL,'2025-09-27 03:04:53'),(258,2,'CREATE','requests',2,'null','{\"priority\": \"urgent\", \"specialty\": \"Cardio\", \"patient_id\": 2, \"description\": \"11111111\", \"institute_id\": 2, \"service_type\": \"surgery\", \"clinical_data\": \"222222222222\", \"request_number\": \"REQ-20250927-IX6X9H\", \"requested_date\": \"2025-09-27\", \"municipality_id\": 1, \"professional_id\": 5}',NULL,NULL,'2025-09-27 03:15:18'),(259,2,'LOGIN','users',2,'null','null','::1','Mozilla/5.0 (Windows NT 10.0; Win64; x64) AppleWebKit/537.36 (KHTML, like Gecko) Chrome/140.0.0.0 Safari/537.36','2025-09-27 03:33:37'),(260,1,'LOGIN','users',1,'null','null','::1','Mozilla/5.0 (Windows NT 10.0; Win64; x64) AppleWebKit/537.36 (KHTML, like Gecko) Chrome/140.0.0.0 Safari/537.36','2025-09-27 04:06:57'),(261,1,'LOGIN','users',1,'null','null','::1','Mozilla/5.0 (Windows NT 10.0; Win64; x64) AppleWebKit/537.36 (KHTML, like Gecko) Chrome/140.0.0.0 Safari/537.36','2025-09-27 04:08:44'),(262,9,'UPDATE','users',9,'{\"name\": \"Dra. Maria Santos\", \"role\": \"professional\", \"email\": \"maria.santos@institutocardiologia.com.br\", \"status\": \"active\"}','{\"name\": \"Dra. Maria Santos\", \"role\": \"professional\", \"email\": \"maria.santos@institutocardiologia.com.br\", \"status\": \"inactive\"}',NULL,NULL,'2025-09-27 04:29:33'),(263,1,'DELETE','users',9,'{\"id\": 9, \"name\": \"Dra. Maria Santos\", \"role\": \"professional\", \"email\": \"maria.santos@institutocardiologia.com.br\", \"phone\": \"(11) 9999-0000\", \"status\": \"active\", \"document\": \"888.999.000-11\", \"password\": \"$2b$10$hash_password_here\", \"last_seen\": null, \"created_at\": \"2025-09-23T15:13:36.000Z\", \"updated_at\": \"2025-09-25T05:57:20.000Z\", \"institute_id\": 1, \"municipality_id\": null}','{\"status\": \"inactive\"}','::1','Mozilla/5.0 (Windows NT 10.0; Win64; x64) AppleWebKit/537.36 (KHTML, like Gecko) Chrome/140.0.0.0 Safari/537.36','2025-09-27 04:29:33'),(264,12,'INSERT','users',12,NULL,'{\"name\": \"Teste\", \"role\": \"professional\", \"email\": \"marcosteste@gmail.com\", \"status\": \"active\"}',NULL,NULL,'2025-09-27 04:36:31'),(265,1,'CREATE','users',12,'null','{\"name\": \"Teste\", \"role\": \"professional\", \"email\": \"marcosteste@gmail.com\", \"phone\": \"68666666666\", \"status\": \"active\", \"password\": \"1234\", \"institute_id\": 2, \"municipality_id\": null}','::1','Mozilla/5.0 (Windows NT 10.0; Win64; x64) AppleWebKit/537.36 (KHTML, like Gecko) Chrome/140.0.0.0 Safari/537.36','2025-09-27 04:36:31'),(266,9,'UPDATE','users',9,'{\"name\": \"Dra. Maria Santos\", \"role\": \"professional\", \"email\": \"maria.santos@institutocardiologia.com.br\", \"status\": \"inactive\"}','{\"name\": \"Dra. Maria Santos\", \"role\": \"professional\", \"email\": \"maria.santos@institutocardiologia.com.br\", \"status\": \"active\"}',NULL,NULL,'2025-09-27 04:36:42'),(267,1,'UPDATE','users',9,'{\"id\": 9, \"name\": \"Dra. Maria Santos\", \"role\": \"professional\", \"email\": \"maria.santos@institutocardiologia.com.br\", \"phone\": \"(11) 9999-0000\", \"status\": \"inactive\", \"document\": \"888.999.000-11\", \"password\": \"$2b$10$hash_password_here\", \"last_seen\": null, \"created_at\": \"2025-09-23T15:13:36.000Z\", \"updated_at\": \"2025-09-27T04:29:33.000Z\", \"institute_id\": 1, \"municipality_id\": null}','{\"status\": \"active\"}','::1','Mozilla/5.0 (Windows NT 10.0; Win64; x64) AppleWebKit/537.36 (KHTML, like Gecko) Chrome/140.0.0.0 Safari/537.36','2025-09-27 04:36:42'),(268,12,'UPDATE','users',12,'{\"name\": \"Teste\", \"role\": \"professional\", \"email\": \"marcosteste@gmail.com\", \"status\": \"active\"}','{\"name\": \"Teste\", \"role\": \"professional\", \"email\": \"marcosteste@gmail.com\", \"status\": \"inactive\"}',NULL,NULL,'2025-09-27 04:37:08'),(269,1,'DELETE','users',12,'{\"id\": 12, \"name\": \"Teste\", \"role\": \"professional\", \"email\": \"marcosteste@gmail.com\", \"phone\": \"68666666666\", \"status\": \"active\", \"document\": null, \"password\": \"$2b$12$8xA2db8qs6ZOtG2WMNkw.OvITNhrk9MoewlN0UEvQ0/isQfHd66u2\", \"last_seen\": null, \"created_at\": \"2025-09-27T04:36:31.000Z\", \"updated_at\": \"2025-09-27T04:36:31.000Z\", \"institute_id\": 2, \"municipality_id\": null}','{\"status\": \"inactive\"}','::1','Mozilla/5.0 (Windows NT 10.0; Win64; x64) AppleWebKit/537.36 (KHTML, like Gecko) Chrome/140.0.0.0 Safari/537.36','2025-09-27 04:37:08'),(270,12,'UPDATE','users',12,'{\"name\": \"Teste\", \"role\": \"professional\", \"email\": \"marcosteste@gmail.com\", \"status\": \"inactive\"}','{\"name\": \"Teste\", \"role\": \"professional\", \"email\": \"marcosteste@gmail.com\", \"status\": \"active\"}',NULL,NULL,'2025-09-27 04:38:56'),(271,1,'UPDATE','users',12,'{\"id\": 12, \"name\": \"Teste\", \"role\": \"professional\", \"email\": \"marcosteste@gmail.com\", \"phone\": \"68666666666\", \"status\": \"inactive\", \"document\": null, \"password\": \"$2b$12$8xA2db8qs6ZOtG2WMNkw.OvITNhrk9MoewlN0UEvQ0/isQfHd66u2\", \"last_seen\": null, \"created_at\": \"2025-09-27T04:36:31.000Z\", \"updated_at\": \"2025-09-27T04:37:08.000Z\", \"institute_id\": 2, \"municipality_id\": null}','{\"status\": \"active\"}','::1','Mozilla/5.0 (Windows NT 10.0; Win64; x64) AppleWebKit/537.36 (KHTML, like Gecko) Chrome/140.0.0.0 Safari/537.36','2025-09-27 04:38:56'),(272,12,'UPDATE','users',12,'{\"name\": \"Teste\", \"role\": \"professional\", \"email\": \"marcosteste@gmail.com\", \"status\": \"active\"}','{\"name\": \"Teste\", \"role\": \"professional\", \"email\": \"marcosteste@gmail.com\", \"status\": \"inactive\"}',NULL,NULL,'2025-09-27 04:39:13'),(273,1,'UPDATE','users',12,'{\"id\": 12, \"name\": \"Teste\", \"role\": \"professional\", \"email\": \"marcosteste@gmail.com\", \"phone\": \"68666666666\", \"status\": \"active\", \"document\": null, \"password\": \"$2b$12$8xA2db8qs6ZOtG2WMNkw.OvITNhrk9MoewlN0UEvQ0/isQfHd66u2\", \"last_seen\": null, \"created_at\": \"2025-09-27T04:36:31.000Z\", \"updated_at\": \"2025-09-27T04:38:56.000Z\", \"institute_id\": 2, \"municipality_id\": null}','{\"status\": \"inactive\"}','::1','Mozilla/5.0 (Windows NT 10.0; Win64; x64) AppleWebKit/537.36 (KHTML, like Gecko) Chrome/140.0.0.0 Safari/537.36','2025-09-27 04:39:13'),(274,12,'UPDATE','users',12,'{\"name\": \"Teste\", \"role\": \"professional\", \"email\": \"marcosteste@gmail.com\", \"status\": \"inactive\"}','{\"name\": \"Teste\", \"role\": \"professional\", \"email\": \"marcosteste@gmail.com\", \"status\": \"active\"}',NULL,NULL,'2025-09-27 04:39:20'),(275,1,'UPDATE','users',12,'{\"id\": 12, \"name\": \"Teste\", \"role\": \"professional\", \"email\": \"marcosteste@gmail.com\", \"phone\": \"68666666666\", \"status\": \"inactive\", \"document\": null, \"password\": \"$2b$12$8xA2db8qs6ZOtG2WMNkw.OvITNhrk9MoewlN0UEvQ0/isQfHd66u2\", \"last_seen\": null, \"created_at\": \"2025-09-27T04:36:31.000Z\", \"updated_at\": \"2025-09-27T04:39:13.000Z\", \"institute_id\": 2, \"municipality_id\": null}','{\"status\": \"active\"}','::1','Mozilla/5.0 (Windows NT 10.0; Win64; x64) AppleWebKit/537.36 (KHTML, like Gecko) Chrome/140.0.0.0 Safari/537.36','2025-09-27 04:39:21'),(276,12,'UPDATE','users',12,'{\"name\": \"Teste\", \"role\": \"professional\", \"email\": \"marcosteste@gmail.com\", \"status\": \"active\"}','{\"name\": \"Teste\", \"role\": \"professional\", \"email\": \"marcosteste@gmail.com\", \"status\": \"inactive\"}',NULL,NULL,'2025-09-27 04:39:28'),(277,1,'DELETE','users',12,'{\"id\": 12, \"name\": \"Teste\", \"role\": \"professional\", \"email\": \"marcosteste@gmail.com\", \"phone\": \"68666666666\", \"status\": \"active\", \"document\": null, \"password\": \"$2b$12$8xA2db8qs6ZOtG2WMNkw.OvITNhrk9MoewlN0UEvQ0/isQfHd66u2\", \"last_seen\": null, \"created_at\": \"2025-09-27T04:36:31.000Z\", \"updated_at\": \"2025-09-27T04:39:20.000Z\", \"institute_id\": 2, \"municipality_id\": null}','{\"status\": \"inactive\"}','::1','Mozilla/5.0 (Windows NT 10.0; Win64; x64) AppleWebKit/537.36 (KHTML, like Gecko) Chrome/140.0.0.0 Safari/537.36','2025-09-27 04:39:28'),(278,11,'UPDATE','users',11,'{\"name\": \"Marcos Vitor\", \"role\": \"professional\", \"email\": \"marcosvitorlima532@gmail.com\", \"status\": \"active\"}','{\"name\": \"Marcos Vitor\", \"role\": \"professional\", \"email\": \"marcosvitorlima532@gmail.com\", \"status\": \"inactive\"}',NULL,NULL,'2025-09-27 04:39:48'),(279,1,'UPDATE','users',11,'{\"id\": 11, \"name\": \"Marcos Vitor\", \"role\": \"professional\", \"email\": \"marcosvitorlima532@gmail.com\", \"phone\": \"6899999999\", \"status\": \"active\", \"document\": null, \"password\": \"$2b$12$xBa8PfhupVAD5kWm/m6Lj.n3TmCBQ/ENvB.UUox78PYiebLb0j8he\", \"last_seen\": null, \"created_at\": \"2025-09-26T05:50:07.000Z\", \"updated_at\": \"2025-09-26T05:50:16.000Z\", \"institute_id\": 2, \"municipality_id\": null}','{\"status\": \"inactive\"}','::1','Mozilla/5.0 (Windows NT 10.0; Win64; x64) AppleWebKit/537.36 (KHTML, like Gecko) Chrome/140.0.0.0 Safari/537.36','2025-09-27 04:39:48'),(280,1,'UPDATE','municipalities',1,'{\"id\": 1, \"code\": \"SP001\", \"name\": \"São Paulo\", \"mayor\": \"Ricardo Nunes\", \"state\": \"SP\", \"status\": \"active\", \"address\": \"Viaduto do Chá, 15 - Centro, São Paulo - SP\", \"created_at\": \"2025-09-23T15:13:36.000Z\", \"population\": 12000000, \"updated_at\": \"2025-09-23T15:13:36.000Z\", \"contact_email\": \"saude@prefeitura.sp.gov.br\", \"contact_phone\": \"(11) 3113-0000\", \"health_secretary\": \"Dr. Luiz Carlos Zamarco\"}','{\"id\": 1, \"code\": \"BJ001\", \"name\": \"Bujari\", \"mayor\": \"Ricardo Nunes\", \"state\": \"SP\", \"status\": \"active\", \"address\": \"Viaduto do Chá, 15 - Centro, São Paulo - SP\", \"created_at\": \"2025-09-23T15:13:36.000Z\", \"population\": 12000000, \"updated_at\": \"2025-09-23T15:13:36.000Z\", \"contact_email\": \"saude@prefeitura.sp.gov.br\", \"contact_phone\": \"(11) 3113-0000\", \"health_secretary\": \"Dr. Luiz Carlos Zamarco\"}',NULL,NULL,'2025-09-27 04:46:34'),(281,13,'INSERT','users',13,NULL,'{\"name\": \"Teste\", \"role\": \"institute\", \"email\": \"marcoddds@gmail.com\", \"status\": \"active\"}',NULL,NULL,'2025-09-27 04:51:54'),(282,1,'CREATE','users',13,'null','{\"name\": \"Teste\", \"role\": \"institute\", \"email\": \"marcoddds@gmail.com\", \"phone\": \"68666666666\", \"status\": \"active\", \"password\": \"1234\", \"institute_id\": null, \"municipality_id\": 4}','::1','Mozilla/5.0 (Windows NT 10.0; Win64; x64) AppleWebKit/537.36 (KHTML, like Gecko) Chrome/140.0.0.0 Safari/537.36','2025-09-27 04:51:54'),(283,1,'UPDATE','municipalities',2,'{\"id\": 2, \"code\": \"RJ001\", \"name\": \"Rio de Janeiro\", \"mayor\": \"Eduardo Paes\", \"state\": \"RJ\", \"status\": \"active\", \"address\": \"Rua Afonso Cavalcanti, 455 - Cidade Nova, Rio de Janeiro - RJ\", \"created_at\": \"2025-09-23T15:13:36.000Z\", \"population\": 6700000, \"updated_at\": \"2025-09-23T15:13:36.000Z\", \"contact_email\": \"saude@rio.rj.gov.br\", \"contact_phone\": \"(21) 2976-1000\", \"health_secretary\": \"Dr. Daniel Soranz\"}','{\"id\": 2, \"code\": \"RB001\", \"name\": \"Rio Branco\", \"mayor\": \"Eduardo Paes\", \"state\": \"RJ\", \"status\": \"active\", \"address\": \"Rua Afonso Cavalcanti, 455 - Cidade Nova, Rio de Janeiro - RJ\", \"created_at\": \"2025-09-23T15:13:36.000Z\", \"population\": 6700000, \"updated_at\": \"2025-09-23T15:13:36.000Z\", \"contact_email\": \"saude@rio.rj.gov.br\", \"contact_phone\": \"(21) 2976-1000\", \"health_secretary\": \"Dr. Daniel Soranz\"}',NULL,NULL,'2025-09-27 04:56:50'),(284,1,'CREATE','institutes',10,'null','{\"code\": \"SM001\", \"name\": \"Marcos Vitor\", \"type\": \"public\", \"status\": \"active\", \"address\": \"dsadsaasd123\", \"director\": \"sim\", \"specialties\": [\"Cardiologista\"], \"contact_email\": \"marcosvitorlima531@gmail.com\", \"contact_phone\": \"6899999999\", \"license_number\": \"crermbfgdf\"}',NULL,NULL,'2025-09-27 05:12:06'),(285,1,'UPDATE','institutes',10,'{\"id\": 10, \"cnpj\": null, \"code\": \"SM001\", \"name\": \"Marcos Vitor\", \"type\": \"public\", \"status\": \"active\", \"address\": \"dsadsaasd123\", \"director\": \"sim\", \"created_at\": \"2025-09-27T05:12:06.000Z\", \"updated_at\": \"2025-09-27T05:12:06.000Z\", \"specialties\": [\"Cardiologista\"], \"contact_email\": \"marcosvitorlima531@gmail.com\", \"contact_phone\": \"6899999999\", \"license_number\": \"crermbfgdf\"}','{\"id\": 10, \"cnpj\": null, \"code\": \"SM001\", \"name\": \"Marcos Vitor\", \"type\": \"private\", \"status\": \"active\", \"address\": \"dsadsaasd123\", \"director\": \"sim\", \"created_at\": \"2025-09-27T05:12:06.000Z\", \"updated_at\": \"2025-09-27T05:12:06.000Z\", \"specialties\": [\"Cardiologista\"], \"contact_email\": \"marcosvitorlima531@gmail.com\", \"contact_phone\": \"6899999999\", \"license_number\": \"crermbfgdf\"}',NULL,NULL,'2025-09-27 05:12:16'),(286,1,'DELETE','institutes',10,'{\"id\": 10, \"cnpj\": null, \"code\": \"SM001\", \"name\": \"Marcos Vitor\", \"type\": \"private\", \"status\": \"active\", \"address\": \"dsadsaasd123\", \"director\": \"sim\", \"created_at\": \"2025-09-27T05:12:06.000Z\", \"updated_at\": \"2025-09-27T05:12:16.000Z\", \"specialties\": [\"Cardiologista\"], \"contact_email\": \"marcosvitorlima531@gmail.com\", \"contact_phone\": \"6899999999\", \"license_number\": \"crermbfgdf\"}','{\"status\": \"inactive\"}',NULL,NULL,'2025-09-27 05:12:28'),(287,1,'UPDATE','institutes',10,'{\"id\": 10, \"cnpj\": null, \"code\": \"SM001\", \"name\": \"Marcos Vitor\", \"type\": \"private\", \"status\": \"inactive\", \"address\": \"dsadsaasd123\", \"director\": \"sim\", \"created_at\": \"2025-09-27T05:12:06.000Z\", \"updated_at\": \"2025-09-27T05:12:28.000Z\", \"specialties\": [\"Cardiologista\"], \"contact_email\": \"marcosvitorlima531@gmail.com\", \"contact_phone\": \"6899999999\", \"license_number\": \"crermbfgdf\"}','{\"status\": \"active\"}',NULL,NULL,'2025-09-27 05:12:36'),(288,1,'UPDATE','professionals',5,'{\"id\": 5, \"name\": \"Marcos Vitor\", \"email\": \"marcosvitorlima531@gmail.com\", \"phone\": \"6899999999\", \"status\": \"active\", \"address\": null, \"user_id\": null, \"document\": null, \"specialty\": \"cardio\", \"birth_date\": null, \"created_at\": \"2025-09-25T23:41:09.000Z\", \"updated_at\": \"2025-09-25T23:41:09.000Z\", \"institute_id\": 2, \"registration_number\": \"12321312\", \"registration_council\": \"CRM\"}','{\"id\": 5, \"name\": \"Marcos Vitor\", \"email\": \"marcosvitorlima531@gmail.com\", \"phone\": \"6899999999\", \"status\": \"active\", \"address\": null, \"user_id\": null, \"document\": null, \"specialty\": \"cardio\", \"birth_date\": null, \"created_at\": \"2025-09-25T23:41:09.000Z\", \"updated_at\": \"2025-09-25T23:41:09.000Z\", \"institute_id\": 1, \"registration_number\": \"12321312\", \"registration_council\": \"CRM\"}',NULL,NULL,'2025-09-27 05:16:32'),(289,1,'UPDATE','professionals',5,'{\"id\": 5, \"name\": \"Marcos Vitor\", \"email\": \"marcosvitorlima531@gmail.com\", \"phone\": \"6899999999\", \"status\": \"active\", \"address\": null, \"user_id\": null, \"document\": null, \"specialty\": \"cardio\", \"birth_date\": null, \"created_at\": \"2025-09-25T23:41:09.000Z\", \"updated_at\": \"2025-09-27T05:16:32.000Z\", \"institute_id\": 1, \"registration_number\": \"12321312\", \"registration_council\": \"CRM\"}','{\"id\": 5, \"name\": \"Marcos Vitor\", \"email\": \"marcosvitorlima531@gmail.com\", \"phone\": \"6899999999\", \"status\": \"active\", \"address\": null, \"user_id\": null, \"document\": null, \"specialty\": \"cardio\", \"birth_date\": null, \"created_at\": \"2025-09-25T23:41:09.000Z\", \"updated_at\": \"2025-09-27T05:16:32.000Z\", \"institute_id\": 2, \"registration_number\": \"12321312\", \"registration_council\": \"CRM\"}',NULL,NULL,'2025-09-27 05:16:42'),(290,1,'CREATE','professionals',6,'null','{\"name\": \"Marcos Vitor\", \"email\": \"marcosvitorlima531@gmail.com\", \"phone\": \"6899999999\", \"status\": \"active\", \"user_id\": 11, \"specialty\": \"cardio\", \"institute_id\": 10, \"registration_number\": \"crermbfgdf\", \"registration_council\": \"CRM\"}',NULL,NULL,'2025-09-27 05:25:46'),(291,1,'UPDATE','professionals',6,'{\"id\": 6, \"name\": \"Marcos Vitor\", \"email\": \"marcosvitorlima531@gmail.com\", \"phone\": \"6899999999\", \"status\": \"active\", \"address\": null, \"user_id\": 11, \"document\": null, \"specialty\": \"cardio\", \"birth_date\": null, \"created_at\": \"2025-09-27T05:25:46.000Z\", \"updated_at\": \"2025-09-27T05:25:46.000Z\", \"institute_id\": 10, \"registration_number\": \"crermbfgdf\", \"registration_council\": \"CRM\"}','{\"status\": \"inactive\"}',NULL,NULL,'2025-09-27 05:29:49'),(292,1,'UPDATE','professionals',5,'{\"id\": 5, \"name\": \"Marcos Vitor\", \"email\": \"marcosvitorlima531@gmail.com\", \"phone\": \"6899999999\", \"status\": \"active\", \"address\": null, \"user_id\": null, \"document\": null, \"specialty\": \"cardio\", \"birth_date\": null, \"created_at\": \"2025-09-25T23:41:09.000Z\", \"updated_at\": \"2025-09-27T05:16:42.000Z\", \"institute_id\": 2, \"registration_number\": \"12321312\", \"registration_council\": \"CRM\"}','{\"status\": \"inactive\"}',NULL,NULL,'2025-09-27 05:29:53'),(293,1,'UPDATE','system_settings',NULL,'{\"language\": \"Portugues\", \"timezone\": \"GMT-5\", \"autoBackup\": true, \"dataRetention\": 100}','{\"theme\": \"dark\", \"language\": \"pt-BR\", \"timezone\": \"America/Sao_Paulo\", \"autoBackup\": true, \"dataRetention\": 100, \"enable_email_notifications\": false}',NULL,NULL,'2025-09-27 05:42:11'),(294,1,'UPDATE','system_settings',NULL,'{\"theme\": \"dark\", \"language\": \"pt-BR\", \"timezone\": \"America/Sao_Paulo\", \"autoBackup\": true, \"dataRetention\": 100, \"enable_email_notifications\": false}','{\"theme\": \"dark\", \"language\": \"pt-BR\", \"timezone\": \"America/Sao_Paulo\", \"autoBackup\": true, \"dataRetention\": 100, \"enable_email_notifications\": true}',NULL,NULL,'2025-09-27 05:43:07'),(295,1,'UPDATE','users',1,'{\"name\": \"Alpha Sistemas\", \"role\": \"admin\", \"email\": \"marcos@gmail.com\", \"status\": \"active\"}','{\"name\": \"Alpha Sistemas\", \"role\": \"admin\", \"email\": \"marcos@gmail.com\", \"status\": \"active\"}',NULL,NULL,'2025-09-27 05:43:20'),(296,1,'UPDATE','users',1,'null','{\"passwordChanged\": true}',NULL,NULL,'2025-09-27 05:43:20'),(297,2,'LOGIN','users',2,'null','null','::1','Mozilla/5.0 (Windows NT 10.0; Win64; x64) AppleWebKit/537.36 (KHTML, like Gecko) Chrome/140.0.0.0 Safari/537.36','2025-09-27 05:44:43'),(298,2,'DELETE','patients',8,'{\"id\": 8, \"name\": \"Marcos Vitor\", \"email\": null, \"phone\": \"6899999999\", \"gender\": \"M\", \"status\": \"active\", \"address\": \"dsadsafa\", \"document\": \"08963747262\", \"sus_card\": \"2134214214\", \"allergies\": null, \"birth_date\": \"2025-09-26T03:00:00.000Z\", \"blood_type\": null, \"created_at\": \"2025-09-27T02:55:33.000Z\", \"updated_at\": \"2025-09-27T02:55:33.000Z\", \"emergency_phone\": null, \"medical_history\": null, \"municipality_id\": 1, \"emergency_contact\": null}','{\"status\": \"inactive\"}',NULL,NULL,'2025-09-27 06:13:42'),(299,2,'CREATE','patients',9,'null','{\"name\": \"Marcos Vitor\", \"email\": \"\", \"phone\": \"6899999999\", \"gender\": \"M\", \"status\": \"active\", \"address\": \"dsadsaasd123\", \"document\": \"08963747261\", \"sus_card\": \"4321413\", \"allergies\": \"não\", \"birth_date\": \"2005-02-11\", \"emergency_phone\": \"65464645645\", \"medical_history\": \"sim\", \"municipality_id\": 1, \"emergency_contact\": \"fdsfsd\"}',NULL,NULL,'2025-09-27 06:14:42'),(300,2,'CREATE','requests',3,'null','{\"priority\": \"urgent\", \"specialty\": \"cardio\", \"patient_id\": 3, \"description\": \"fazer laudo\", \"institute_id\": null, \"service_type\": \"surgery\", \"request_number\": \"REQ-20250927-KTINMC\", \"requested_date\": \"2025-09-27\", \"municipality_id\": 1, \"professional_id\": 5}',NULL,NULL,'2025-09-27 06:21:43');
/*!40000 ALTER TABLE `audit_logs` ENABLE KEYS */;
UNLOCK TABLES;

--
-- Table structure for table `documents`
--

DROP TABLE IF EXISTS `documents`;
/*!40101 SET @saved_cs_client     = @@character_set_client */;
/*!50503 SET character_set_client = utf8mb4 */;
CREATE TABLE `documents` (
  `id` int NOT NULL AUTO_INCREMENT,
  `request_id` int NOT NULL,
  `type` enum('medical_report','exam_result','prescription','photo','x_ray','other') COLLATE utf8mb4_unicode_ci NOT NULL,
  `name` varchar(255) COLLATE utf8mb4_unicode_ci NOT NULL,
  `file_path` varchar(500) COLLATE utf8mb4_unicode_ci NOT NULL,
  `file_size` int DEFAULT NULL,
  `mime_type` varchar(100) COLLATE utf8mb4_unicode_ci DEFAULT NULL,
  `uploaded_by` int DEFAULT NULL,
  `description` text COLLATE utf8mb4_unicode_ci,
  `created_at` timestamp NULL DEFAULT CURRENT_TIMESTAMP,
  PRIMARY KEY (`id`),
  KEY `uploaded_by` (`uploaded_by`),
  KEY `idx_request` (`request_id`),
  KEY `idx_type` (`type`),
  CONSTRAINT `documents_ibfk_1` FOREIGN KEY (`request_id`) REFERENCES `requests` (`id`) ON DELETE CASCADE,
  CONSTRAINT `documents_ibfk_2` FOREIGN KEY (`uploaded_by`) REFERENCES `users` (`id`) ON DELETE SET NULL
) ENGINE=InnoDB AUTO_INCREMENT=2 DEFAULT CHARSET=utf8mb4 COLLATE=utf8mb4_unicode_ci;
/*!40101 SET character_set_client = @saved_cs_client */;

--
-- Dumping data for table `documents`
--

LOCK TABLES `documents` WRITE;
/*!40000 ALTER TABLE `documents` DISABLE KEYS */;
INSERT INTO `documents` VALUES (1,3,'photo','teste','.png',10,'1',NULL,NULL,'2025-09-27 06:51:12');
/*!40000 ALTER TABLE `documents` ENABLE KEYS */;
UNLOCK TABLES;

--
-- Table structure for table `institutes`
--

DROP TABLE IF EXISTS `institutes`;
/*!40101 SET @saved_cs_client     = @@character_set_client */;
/*!50503 SET character_set_client = utf8mb4 */;
CREATE TABLE `institutes` (
  `id` int NOT NULL AUTO_INCREMENT,
  `name` varchar(255) COLLATE utf8mb4_unicode_ci NOT NULL,
  `code` varchar(10) COLLATE utf8mb4_unicode_ci NOT NULL,
  `type` enum('public','private','mixed') COLLATE utf8mb4_unicode_ci NOT NULL,
  `specialties` json DEFAULT NULL,
  `director` varchar(255) COLLATE utf8mb4_unicode_ci DEFAULT NULL,
  `contact_email` varchar(255) COLLATE utf8mb4_unicode_ci DEFAULT NULL,
  `contact_phone` varchar(20) COLLATE utf8mb4_unicode_ci DEFAULT NULL,
  `address` text COLLATE utf8mb4_unicode_ci,
  `cnpj` varchar(18) COLLATE utf8mb4_unicode_ci DEFAULT NULL,
  `license_number` varchar(50) COLLATE utf8mb4_unicode_ci DEFAULT NULL,
  `status` enum('active','inactive','suspended') COLLATE utf8mb4_unicode_ci DEFAULT 'active',
  `created_at` timestamp NULL DEFAULT CURRENT_TIMESTAMP,
  `updated_at` timestamp NULL DEFAULT CURRENT_TIMESTAMP ON UPDATE CURRENT_TIMESTAMP,
  PRIMARY KEY (`id`),
  UNIQUE KEY `code` (`code`),
  KEY `idx_code` (`code`),
  KEY `idx_type` (`type`),
  KEY `idx_status` (`status`)
) ENGINE=InnoDB AUTO_INCREMENT=11 DEFAULT CHARSET=utf8mb4 COLLATE=utf8mb4_unicode_ci;
/*!40101 SET character_set_client = @saved_cs_client */;

--
-- Dumping data for table `institutes`
--

LOCK TABLES `institutes` WRITE;
/*!40000 ALTER TABLE `institutes` DISABLE KEYS */;
INSERT INTO `institutes` VALUES (1,'Instituto de Cardiologia de São Paulo','ICSP001','private','[\"Cardiologia\", \"Cirurgia Cardiovascular\", \"Hemodinâmica\"]','Dr. Roberto Kalil','contato@institutocardiologia.com.br','(11) 3069-5000','Av. Dr. Dante Pazzanese, 500 - Vila Mariana, São Paulo - SP','12.345.678/0001-90','CNES-123456','active','2025-09-23 15:13:36','2025-09-23 15:13:36'),(2,'Hospital das Clínicas FMUSP','HCFM001','public','[\"Cardiologia\", \"Neurologia\", \"Oncologia\", \"Ortopedia\"]','Prof. Dr. Giovanni Cerri','diretoria@hc.fm.usp.br','(11) 2661-0000','Av. Dr. Enéas Carvalho de Aguiar, 255 - Cerqueira César, São Paulo - SP','63.025.530/0001-04','CNES-789012','active','2025-09-23 15:13:36','2025-09-23 15:13:36'),(3,'Instituto Nacional de Traumatologia','INTO001','public','[\"Ortopedia\", \"Traumatologia\", \"Fisioterapia\", \"Dermatologia\"]','Dr. Marcos Pontes','diretoria@into.saude.gov.br','(21) 2134-5000','Av. Brasil, 500 - Caju, Rio de Janeiro - RJ','34.567.890/0001-23','CNES-345678','active','2025-09-23 15:13:36','2025-09-25 23:17:20'),(10,'Marcos Vitor','SM001','private','[\"Cardiologista\"]','sim','marcosvitorlima531@gmail.com','6899999999','dsadsaasd123',NULL,'crermbfgdf','active','2025-09-27 05:12:06','2025-09-27 05:12:36');
/*!40000 ALTER TABLE `institutes` ENABLE KEYS */;
UNLOCK TABLES;

--
-- Table structure for table `municipalities`
--

DROP TABLE IF EXISTS `municipalities`;
/*!40101 SET @saved_cs_client     = @@character_set_client */;
/*!50503 SET character_set_client = utf8mb4 */;
CREATE TABLE `municipalities` (
  `id` int NOT NULL AUTO_INCREMENT,
  `name` varchar(255) COLLATE utf8mb4_unicode_ci NOT NULL,
  `code` varchar(10) COLLATE utf8mb4_unicode_ci NOT NULL,
  `state` varchar(2) COLLATE utf8mb4_unicode_ci NOT NULL,
  `population` int DEFAULT NULL,
  `mayor` varchar(255) COLLATE utf8mb4_unicode_ci DEFAULT NULL,
  `health_secretary` varchar(255) COLLATE utf8mb4_unicode_ci DEFAULT NULL,
  `contact_email` varchar(255) COLLATE utf8mb4_unicode_ci DEFAULT NULL,
  `contact_phone` varchar(20) COLLATE utf8mb4_unicode_ci DEFAULT NULL,
  `address` text COLLATE utf8mb4_unicode_ci,
  `status` enum('active','inactive') COLLATE utf8mb4_unicode_ci DEFAULT 'active',
  `created_at` timestamp NULL DEFAULT CURRENT_TIMESTAMP,
  `updated_at` timestamp NULL DEFAULT CURRENT_TIMESTAMP ON UPDATE CURRENT_TIMESTAMP,
  PRIMARY KEY (`id`),
  UNIQUE KEY `code` (`code`),
  KEY `idx_code` (`code`),
  KEY `idx_state` (`state`),
  KEY `idx_status` (`status`)
) ENGINE=InnoDB AUTO_INCREMENT=5 DEFAULT CHARSET=utf8mb4 COLLATE=utf8mb4_unicode_ci;
/*!40101 SET character_set_client = @saved_cs_client */;

--
-- Dumping data for table `municipalities`
--

LOCK TABLES `municipalities` WRITE;
/*!40000 ALTER TABLE `municipalities` DISABLE KEYS */;
INSERT INTO `municipalities` VALUES (1,'Bujari','BJ001','SP',12000000,'Ricardo Nunes','Dr. Luiz Carlos Zamarco','saude@prefeitura.sp.gov.br','(11) 3113-0000','Viaduto do Chá, 15 - Centro, São Paulo - SP','active','2025-09-23 15:13:36','2025-09-27 04:46:34'),(2,'Rio Branco','RB001','RJ',6700000,'Eduardo Paes','Dr. Daniel Soranz','saude@rio.rj.gov.br','(21) 2976-1000','Rua Afonso Cavalcanti, 455 - Cidade Nova, Rio de Janeiro - RJ','active','2025-09-23 15:13:36','2025-09-27 04:56:50'),(3,'Belo Horizonte','MG001','MG',2500000,'Alexandre Kalil','Dra. Flávia Falci','saude@pbh.gov.br','(31) 3277-5000','Av. Afonso Pena, 1212 - Centro, Belo Horizonte - MG','active','2025-09-23 15:13:36','2025-09-23 15:13:36'),(4,'Sena Madureira','SM002','AC',41000,NULL,NULL,'prefeiturasm@gmail.com','6899999999',NULL,'active','2025-09-25 21:56:56','2025-09-25 22:07:46');
/*!40000 ALTER TABLE `municipalities` ENABLE KEYS */;
UNLOCK TABLES;

--
-- Table structure for table `notifications`
--

DROP TABLE IF EXISTS `notifications`;
/*!40101 SET @saved_cs_client     = @@character_set_client */;
/*!50503 SET character_set_client = utf8mb4 */;
CREATE TABLE `notifications` (
  `id` int NOT NULL AUTO_INCREMENT,
  `user_id` int NOT NULL,
  `title` varchar(255) COLLATE utf8mb4_unicode_ci NOT NULL,
  `message` text COLLATE utf8mb4_unicode_ci NOT NULL,
  `type` enum('info','success','warning','error') COLLATE utf8mb4_unicode_ci DEFAULT 'info',
  `read_at` timestamp NULL DEFAULT NULL,
  `created_at` timestamp NULL DEFAULT CURRENT_TIMESTAMP,
  PRIMARY KEY (`id`),
  KEY `idx_user` (`user_id`),
  KEY `idx_read` (`read_at`),
  KEY `idx_created_at` (`created_at`),
  CONSTRAINT `notifications_ibfk_1` FOREIGN KEY (`user_id`) REFERENCES `users` (`id`) ON DELETE CASCADE
) ENGINE=InnoDB AUTO_INCREMENT=2 DEFAULT CHARSET=utf8mb4 COLLATE=utf8mb4_unicode_ci;
/*!40101 SET character_set_client = @saved_cs_client */;

--
-- Dumping data for table `notifications`
--

LOCK TABLES `notifications` WRITE;
/*!40000 ALTER TABLE `notifications` DISABLE KEYS */;
INSERT INTO `notifications` VALUES (1,6,'Nova solicitação','Solicitação REQ-20250927-IX6X9H recebida.','info',NULL,'2025-09-27 03:15:18');
/*!40000 ALTER TABLE `notifications` ENABLE KEYS */;
UNLOCK TABLES;

--
-- Table structure for table `patients`
--

DROP TABLE IF EXISTS `patients`;
/*!40101 SET @saved_cs_client     = @@character_set_client */;
/*!50503 SET character_set_client = utf8mb4 */;
CREATE TABLE `patients` (
  `id` int NOT NULL AUTO_INCREMENT,
  `municipality_id` int NOT NULL,
  `name` varchar(255) COLLATE utf8mb4_unicode_ci NOT NULL,
  `document` varchar(20) COLLATE utf8mb4_unicode_ci NOT NULL,
  `birth_date` date NOT NULL,
  `gender` enum('M','F','Other') COLLATE utf8mb4_unicode_ci NOT NULL,
  `phone` varchar(20) COLLATE utf8mb4_unicode_ci DEFAULT NULL,
  `email` varchar(255) COLLATE utf8mb4_unicode_ci DEFAULT NULL,
  `address` text COLLATE utf8mb4_unicode_ci,
  `emergency_contact` varchar(255) COLLATE utf8mb4_unicode_ci DEFAULT NULL,
  `emergency_phone` varchar(20) COLLATE utf8mb4_unicode_ci DEFAULT NULL,
  `blood_type` varchar(5) COLLATE utf8mb4_unicode_ci DEFAULT NULL,
  `allergies` text COLLATE utf8mb4_unicode_ci,
  `medical_history` text COLLATE utf8mb4_unicode_ci,
  `sus_card` varchar(20) COLLATE utf8mb4_unicode_ci DEFAULT NULL,
  `status` enum('active','inactive') COLLATE utf8mb4_unicode_ci DEFAULT 'active',
  `created_at` timestamp NULL DEFAULT CURRENT_TIMESTAMP,
  `updated_at` timestamp NULL DEFAULT CURRENT_TIMESTAMP ON UPDATE CURRENT_TIMESTAMP,
  PRIMARY KEY (`id`),
  KEY `idx_document` (`document`),
  KEY `idx_municipality` (`municipality_id`),
  KEY `idx_sus_card` (`sus_card`),
  KEY `idx_patients_municipality_document` (`municipality_id`,`document`),
  CONSTRAINT `fk_patients_municipality` FOREIGN KEY (`municipality_id`) REFERENCES `municipalities` (`id`) ON DELETE CASCADE
) ENGINE=InnoDB AUTO_INCREMENT=10 DEFAULT CHARSET=utf8mb4 COLLATE=utf8mb4_unicode_ci;
/*!40101 SET character_set_client = @saved_cs_client */;

--
-- Dumping data for table `patients`
--

LOCK TABLES `patients` WRITE;
/*!40000 ALTER TABLE `patients` DISABLE KEYS */;
INSERT INTO `patients` VALUES (1,1,'José da Silva','123.456.789-01','1965-04-12','M','(11) 9876-5432','jose.silva@email.com','Rua A, 123 - Jardim São Paulo, São Paulo - SP','Maria da Silva','(11) 9876-5433','O+',NULL,NULL,'123456789012345','active','2025-09-23 15:13:36','2025-09-23 15:13:36'),(2,1,'Ana Souza','987.654.321-02','1972-08-25','F','(11) 8765-4321','ana.souza@email.com','Av. B, 456 - Vila Esperança, São Paulo - SP','João Souza','(11) 8765-4322','A-',NULL,NULL,'234567890123456','active','2025-09-23 15:13:36','2025-09-23 15:13:36'),(3,1,'Roberto Lima','456.123.789-03','1985-09-10','M','(11) 7654-3210','roberto.lima@email.com','Rua C, 789 - Mooca, São Paulo - SP','Carla Lima','(11) 7654-3211','B+',NULL,NULL,'345678901234567','active','2025-09-23 15:13:36','2025-09-23 15:13:36'),(4,2,'Carlos Santos','789.123.456-04','1980-11-30','M','(21) 7654-3210','carlos.santos@email.com','Rua D, 321 - Tijuca, Rio de Janeiro - RJ','Lucia Santos','(21) 7654-3211','B+',NULL,NULL,'456789012345678','active','2025-09-23 15:13:36','2025-09-23 15:13:36'),(5,2,'Fernanda Costa','321.654.987-05','1992-03-18','F','(21) 6543-2109','fernanda.costa@email.com','Av. E, 654 - Copacabana, Rio de Janeiro - RJ','Paulo Costa','(21) 6543-2108','AB+',NULL,NULL,'567890123456789','active','2025-09-23 15:13:36','2025-09-23 15:13:36'),(6,3,'Mariana Lima','654.987.321-06','1990-02-14','F','(31) 6543-2109','mariana.lima@email.com','Av. F, 987 - Savassi, Belo Horizonte - MG','Ricardo Lima','(31) 6543-2108','AB+',NULL,NULL,'678901234567890','active','2025-09-23 15:13:36','2025-09-23 15:13:36'),(7,3,'Pedro Alves','987.321.654-07','1988-07-22','M','(31) 5432-1098','pedro.alves@email.com','Rua G, 456 - Centro, Belo Horizonte - MG','Ana Alves','(31) 5432-1097','O-',NULL,NULL,'789012345678901','active','2025-09-23 15:13:36','2025-09-23 15:13:36'),(8,1,'Marcos Vitor','08963747262','2025-09-26','M','6899999999',NULL,'dsadsafa',NULL,NULL,NULL,NULL,NULL,'2134214214','inactive','2025-09-27 02:55:33','2025-09-27 06:13:42'),(9,1,'Marcos Vitor','08963747261','2005-02-11','M','6899999999','','dsadsaasd123','fdsfsd','65464645645',NULL,'não','sim','4321413','active','2025-09-27 06:14:42','2025-09-27 06:14:42');
/*!40000 ALTER TABLE `patients` ENABLE KEYS */;
UNLOCK TABLES;

--
-- Table structure for table `professionals`
--

DROP TABLE IF EXISTS `professionals`;
/*!40101 SET @saved_cs_client     = @@character_set_client */;
/*!50503 SET character_set_client = utf8mb4 */;
CREATE TABLE `professionals` (
  `id` int NOT NULL AUTO_INCREMENT,
  `user_id` int DEFAULT NULL,
  `institute_id` int DEFAULT NULL,
  `name` varchar(255) COLLATE utf8mb4_unicode_ci NOT NULL,
  `specialty` varchar(255) COLLATE utf8mb4_unicode_ci NOT NULL,
  `registration_number` varchar(50) COLLATE utf8mb4_unicode_ci NOT NULL,
  `registration_council` enum('CRM','CRO','CRF','CREFITO','CRN','CRP','COREN') COLLATE utf8mb4_unicode_ci NOT NULL,
  `phone` varchar(20) COLLATE utf8mb4_unicode_ci DEFAULT NULL,
  `email` varchar(255) COLLATE utf8mb4_unicode_ci DEFAULT NULL,
  `document` varchar(20) COLLATE utf8mb4_unicode_ci DEFAULT NULL,
  `birth_date` date DEFAULT NULL,
  `address` text COLLATE utf8mb4_unicode_ci,
  `status` enum('active','inactive','vacation','suspended') COLLATE utf8mb4_unicode_ci DEFAULT 'active',
  `created_at` timestamp NULL DEFAULT CURRENT_TIMESTAMP,
  `updated_at` timestamp NULL DEFAULT CURRENT_TIMESTAMP ON UPDATE CURRENT_TIMESTAMP,
  PRIMARY KEY (`id`),
  KEY `idx_specialty` (`specialty`),
  KEY `idx_registration` (`registration_number`),
  KEY `idx_status` (`status`),
  KEY `idx_institute` (`institute_id`),
  KEY `idx_user` (`user_id`),
  KEY `idx_professionals_institute_specialty` (`institute_id`,`specialty`),
  CONSTRAINT `fk_professionals_institute` FOREIGN KEY (`institute_id`) REFERENCES `institutes` (`id`) ON DELETE CASCADE,
  CONSTRAINT `fk_professionals_user` FOREIGN KEY (`user_id`) REFERENCES `users` (`id`) ON DELETE SET NULL
) ENGINE=InnoDB AUTO_INCREMENT=7 DEFAULT CHARSET=utf8mb4 COLLATE=utf8mb4_unicode_ci;
/*!40101 SET character_set_client = @saved_cs_client */;

--
-- Dumping data for table `professionals`
--

LOCK TABLES `professionals` WRITE;
/*!40000 ALTER TABLE `professionals` DISABLE KEYS */;
INSERT INTO `professionals` VALUES (1,8,1,'Dr. João Silva','Cardiologia','123456','CRM','(11) 7777-8888','joao.silva@institutocardiologia.com.br','777.888.999-00','1980-05-15','Rua das Flores, 123 - Vila Madalena, São Paulo - SP','active','2025-09-23 15:13:36','2025-09-23 15:13:36'),(2,9,1,'Dra. Maria Santos','Cirurgia Cardiovascular','789012','CRM','(11) 9999-0000','maria.santos@institutocardiologia.com.br','888.999.000-11','1975-08-22','Av. Paulista, 1000 - Bela Vista, São Paulo - SP','active','2025-09-23 15:13:36','2025-09-23 15:13:36'),(3,NULL,2,'Dr. Pedro Oliveira','Neurologia','345678','CRM','(11) 8888-7777','pedro.oliveira@hc.fm.usp.br','999.000.111-22','1982-12-10','Rua Augusta, 500 - Consolação, São Paulo - SP','active','2025-09-23 15:13:36','2025-09-23 15:13:36'),(4,NULL,3,'Dr. Ana Costa','Ortopedia','901234','CRM','(21) 6666-5555','ana.costa@into.saude.gov.br','000.111.222-33','1978-03-18','Rua Copacabana, 200 - Copacabana, Rio de Janeiro - RJ','active','2025-09-23 15:13:36','2025-09-23 15:13:36'),(5,NULL,2,'Marcos Vitor','cardio','12321312','CRM','6899999999','marcosvitorlima531@gmail.com',NULL,NULL,NULL,'inactive','2025-09-25 23:41:09','2025-09-27 05:29:53'),(6,11,10,'Marcos Vitor','cardio','crermbfgdf','CRM','6899999999','marcosvitorlima531@gmail.com',NULL,NULL,NULL,'inactive','2025-09-27 05:25:46','2025-09-27 05:29:49');
/*!40000 ALTER TABLE `professionals` ENABLE KEYS */;
UNLOCK TABLES;

--
-- Table structure for table `requests`
--

DROP TABLE IF EXISTS `requests`;
/*!40101 SET @saved_cs_client     = @@character_set_client */;
/*!50503 SET character_set_client = utf8mb4 */;
CREATE TABLE `requests` (
  `id` int NOT NULL AUTO_INCREMENT,
  `municipality_id` int NOT NULL,
  `institute_id` int DEFAULT NULL,
  `patient_id` int NOT NULL,
  `professional_id` int DEFAULT NULL,
  `request_number` varchar(50) COLLATE utf8mb4_unicode_ci NOT NULL,
  `service_type` enum('consultation','exam','surgery','treatment','emergency') COLLATE utf8mb4_unicode_ci NOT NULL,
  `specialty` varchar(255) COLLATE utf8mb4_unicode_ci NOT NULL,
  `priority` enum('low','medium','high','urgent') COLLATE utf8mb4_unicode_ci DEFAULT 'medium',
  `description` text COLLATE utf8mb4_unicode_ci NOT NULL,
  `clinical_data` text COLLATE utf8mb4_unicode_ci,
  `requested_date` date NOT NULL,
  `scheduled_date` datetime DEFAULT NULL,
  `completed_date` datetime DEFAULT NULL,
  `status` enum('pending','assigned','scheduled','in_progress','completed','cancelled','rejected') COLLATE utf8mb4_unicode_ci DEFAULT 'pending',
  `rejection_reason` text COLLATE utf8mb4_unicode_ci,
  `notes` text COLLATE utf8mb4_unicode_ci,
  `cost` decimal(10,2) DEFAULT NULL,
  `created_at` timestamp NULL DEFAULT CURRENT_TIMESTAMP,
  `updated_at` timestamp NULL DEFAULT CURRENT_TIMESTAMP ON UPDATE CURRENT_TIMESTAMP,
  PRIMARY KEY (`id`),
  UNIQUE KEY `request_number` (`request_number`),
  KEY `idx_request_number` (`request_number`),
  KEY `idx_status` (`status`),
  KEY `idx_priority` (`priority`),
  KEY `idx_service_type` (`service_type`),
  KEY `idx_requested_date` (`requested_date`),
  KEY `idx_municipality` (`municipality_id`),
  KEY `idx_institute` (`institute_id`),
  KEY `idx_requests_municipality_status` (`municipality_id`,`status`),
  KEY `idx_requests_institute_status` (`institute_id`,`status`),
  KEY `idx_requests_professional_date` (`professional_id`,`requested_date`),
  KEY `fk_requests_patient` (`patient_id`),
  CONSTRAINT `fk_requests_institute` FOREIGN KEY (`institute_id`) REFERENCES `institutes` (`id`) ON DELETE SET NULL,
  CONSTRAINT `fk_requests_municipality` FOREIGN KEY (`municipality_id`) REFERENCES `municipalities` (`id`) ON DELETE CASCADE,
  CONSTRAINT `fk_requests_patient` FOREIGN KEY (`patient_id`) REFERENCES `patients` (`id`) ON DELETE CASCADE,
  CONSTRAINT `fk_requests_professional` FOREIGN KEY (`professional_id`) REFERENCES `professionals` (`id`) ON DELETE SET NULL
) ENGINE=InnoDB AUTO_INCREMENT=4 DEFAULT CHARSET=utf8mb4 COLLATE=utf8mb4_unicode_ci;
/*!40101 SET character_set_client = @saved_cs_client */;

--
-- Dumping data for table `requests`
--

LOCK TABLES `requests` WRITE;
/*!40000 ALTER TABLE `requests` DISABLE KEYS */;
INSERT INTO `requests` VALUES (1,1,NULL,8,NULL,'REQ-20250927-8BNB8H','consultation','Nenhuma','high','dsdasdas','12321312312','2025-09-27',NULL,NULL,'pending',NULL,NULL,NULL,'2025-09-27 03:04:53','2025-09-27 03:04:53'),(2,1,2,2,NULL,'REQ-20250927-IX6X9H','surgery','Cardio','urgent','11111111','222222222222','2025-09-27',NULL,NULL,'pending',NULL,NULL,NULL,'2025-09-27 03:15:18','2025-09-27 03:15:18'),(3,1,NULL,3,5,'REQ-20250927-KTINMC','surgery','cardio','urgent','fazer laudo',NULL,'2025-09-27',NULL,NULL,'completed',NULL,NULL,NULL,'2025-09-27 06:21:43','2025-09-27 06:22:51');
/*!40000 ALTER TABLE `requests` ENABLE KEYS */;
UNLOCK TABLES;

--
-- Table structure for table `status_history`
--

DROP TABLE IF EXISTS `status_history`;
/*!40101 SET @saved_cs_client     = @@character_set_client */;
/*!50503 SET character_set_client = utf8mb4 */;
CREATE TABLE `status_history` (
  `id` int NOT NULL AUTO_INCREMENT,
  `request_id` int NOT NULL,
  `old_status` varchar(50) COLLATE utf8mb4_unicode_ci DEFAULT NULL,
  `new_status` varchar(50) COLLATE utf8mb4_unicode_ci NOT NULL,
  `changed_by` int DEFAULT NULL,
  `reason` text COLLATE utf8mb4_unicode_ci,
  `created_at` timestamp NULL DEFAULT CURRENT_TIMESTAMP,
  PRIMARY KEY (`id`),
  KEY `changed_by` (`changed_by`),
  KEY `idx_request` (`request_id`),
  KEY `idx_created_at` (`created_at`),
  CONSTRAINT `status_history_ibfk_1` FOREIGN KEY (`request_id`) REFERENCES `requests` (`id`) ON DELETE CASCADE,
  CONSTRAINT `status_history_ibfk_2` FOREIGN KEY (`changed_by`) REFERENCES `users` (`id`) ON DELETE SET NULL
) ENGINE=InnoDB AUTO_INCREMENT=2 DEFAULT CHARSET=utf8mb4 COLLATE=utf8mb4_unicode_ci;
/*!40101 SET character_set_client = @saved_cs_client */;

--
-- Dumping data for table `status_history`
--

LOCK TABLES `status_history` WRITE;
/*!40000 ALTER TABLE `status_history` DISABLE KEYS */;
INSERT INTO `status_history` VALUES (1,3,'pending','completed',NULL,'Status alterado automaticamente','2025-09-27 06:22:51');
/*!40000 ALTER TABLE `status_history` ENABLE KEYS */;
UNLOCK TABLES;

--
-- Table structure for table `system_settings`
--

DROP TABLE IF EXISTS `system_settings`;
/*!40101 SET @saved_cs_client     = @@character_set_client */;
/*!50503 SET character_set_client = utf8mb4 */;
CREATE TABLE `system_settings` (
  `id` int NOT NULL AUTO_INCREMENT,
  `setting_key` varchar(100) COLLATE utf8mb4_unicode_ci NOT NULL,
  `setting_value` text COLLATE utf8mb4_unicode_ci,
  `description` text COLLATE utf8mb4_unicode_ci,
  `category` varchar(50) COLLATE utf8mb4_unicode_ci DEFAULT NULL,
  `created_at` timestamp NULL DEFAULT CURRENT_TIMESTAMP,
  `updated_at` timestamp NULL DEFAULT CURRENT_TIMESTAMP ON UPDATE CURRENT_TIMESTAMP,
  PRIMARY KEY (`id`),
  UNIQUE KEY `setting_key` (`setting_key`),
  KEY `idx_key` (`setting_key`),
  KEY `idx_category` (`category`)
) ENGINE=InnoDB AUTO_INCREMENT=21 DEFAULT CHARSET=utf8mb4 COLLATE=utf8mb4_unicode_ci;
/*!40101 SET character_set_client = @saved_cs_client */;

--
-- Dumping data for table `system_settings`
--

LOCK TABLES `system_settings` WRITE;
/*!40000 ALTER TABLE `system_settings` DISABLE KEYS */;
INSERT INTO `system_settings` VALUES (1,'language','pt-BR',NULL,NULL,'2025-09-26 21:51:36','2025-09-27 05:42:10'),(2,'timezone','America/Sao_Paulo',NULL,NULL,'2025-09-26 21:51:36','2025-09-27 05:42:10'),(3,'autoBackup','true',NULL,NULL,'2025-09-26 21:51:36','2025-09-26 21:51:36'),(4,'dataRetention','100',NULL,NULL,'2025-09-26 21:51:36','2025-09-26 22:04:59'),(13,'theme','dark',NULL,NULL,'2025-09-27 05:42:11','2025-09-27 05:42:11'),(14,'enable_email_notifications','true',NULL,NULL,'2025-09-27 05:42:11','2025-09-27 05:43:07');
/*!40000 ALTER TABLE `system_settings` ENABLE KEYS */;
UNLOCK TABLES;

--
-- Table structure for table `users`
--

DROP TABLE IF EXISTS `users`;
/*!40101 SET @saved_cs_client     = @@character_set_client */;
/*!50503 SET character_set_client = utf8mb4 */;
CREATE TABLE `users` (
  `id` int NOT NULL AUTO_INCREMENT,
  `name` varchar(255) COLLATE utf8mb4_unicode_ci NOT NULL,
  `email` varchar(255) COLLATE utf8mb4_unicode_ci NOT NULL,
  `password` varchar(255) COLLATE utf8mb4_unicode_ci NOT NULL,
  `role` enum('admin','municipality','institute','professional') COLLATE utf8mb4_unicode_ci NOT NULL,
  `municipality_id` int DEFAULT NULL,
  `institute_id` int DEFAULT NULL,
  `status` enum('active','inactive','suspended') COLLATE utf8mb4_unicode_ci DEFAULT 'active',
  `phone` varchar(20) COLLATE utf8mb4_unicode_ci DEFAULT NULL,
  `document` varchar(20) COLLATE utf8mb4_unicode_ci DEFAULT NULL,
  `created_at` timestamp NULL DEFAULT CURRENT_TIMESTAMP,
  `updated_at` timestamp NULL DEFAULT CURRENT_TIMESTAMP ON UPDATE CURRENT_TIMESTAMP,
  `last_seen` datetime DEFAULT NULL,
  PRIMARY KEY (`id`),
  UNIQUE KEY `email` (`email`),
  KEY `idx_email` (`email`),
  KEY `idx_role` (`role`),
  KEY `idx_status` (`status`),
  KEY `idx_municipality` (`municipality_id`),
  KEY `idx_institute` (`institute_id`),
  CONSTRAINT `fk_users_institute` FOREIGN KEY (`institute_id`) REFERENCES `institutes` (`id`) ON DELETE SET NULL,
  CONSTRAINT `fk_users_municipality` FOREIGN KEY (`municipality_id`) REFERENCES `municipalities` (`id`) ON DELETE SET NULL
) ENGINE=InnoDB AUTO_INCREMENT=14 DEFAULT CHARSET=utf8mb4 COLLATE=utf8mb4_unicode_ci;
/*!40101 SET character_set_client = @saved_cs_client */;

--
-- Dumping data for table `users`
--

LOCK TABLES `users` WRITE;
/*!40000 ALTER TABLE `users` DISABLE KEYS */;
INSERT INTO `users` VALUES (1,'Alpha Sistemas','marcos@gmail.com','$2b$12$LHb0x9xbl5AOBJ1wXfACxur4lM.DUq3zjiD2DMUq83KWSIZb5DNR.','admin',NULL,NULL,'active','(11) 99999-9999','123.456.789-00','2025-09-23 15:13:36','2025-09-27 05:43:20','2025-09-26 19:41:34'),(2,'Secretário Municipal SP','secretario.sp@prefeitura.sp.gov.br','$2b$12$7Sdq0ou4ryA57b210LHY2.pQxvgX9.fxb6ATT5WvBJfg7Ug5SauTW','municipality',1,NULL,'active','(11) 3333-4444','111.222.333-44','2025-09-23 15:13:36','2025-09-26 21:45:13',NULL),(3,'Secretário Municipal RJ','secretario.rj@rio.rj.gov.br','$2b$10$hash_password_here','municipality',2,NULL,'active','(21) 2976-1001','222.333.444-55','2025-09-23 15:13:36','2025-09-23 15:13:36',NULL),(4,'Secretário Municipal BH','secretario.bh@pbh.gov.br','$2b$10$hash_password_here','municipality',3,NULL,'active','(31) 3277-5001','333.444.555-66','2025-09-23 15:13:36','2025-09-23 15:13:36',NULL),(5,'Diretor Instituto Cardiologia','diretor@institutocardiologia.com.br','$2b$10$4cuL4uuwWWpzmQOblUCx/.EmRWCIRyEIefN7cArj1TXNxft3K9KHC','institute',NULL,1,'active','(11) 5555-6666','444.555.666-77','2025-09-23 15:13:36','2025-09-23 16:21:36',NULL),(6,'Diretor HC FMUSP','diretor@hc.fm.usp.br','$2b$10$hash_password_here','institute',NULL,2,'active','(11) 2661-0001','555.666.777-88','2025-09-23 15:13:36','2025-09-23 15:13:36',NULL),(7,'Diretor INTO','diretor@into.saude.gov.br','$2b$10$hash_password_here','institute',NULL,3,'active','(21) 2134-5001','666.777.888-99','2025-09-23 15:13:36','2025-09-23 15:13:36',NULL),(8,'Dr. João Silva','joao.silva@institutocardiologia.com.br','$2b$10$hash_password_here','professional',NULL,1,'active','(11) 7777-8888','777.888.999-00','2025-09-23 15:13:36','2025-09-23 15:13:36',NULL),(9,'Dra. Maria Santos','maria.santos@institutocardiologia.com.br','$2b$10$hash_password_here','professional',NULL,1,'active','(11) 9999-0000','888.999.000-11','2025-09-23 15:13:36','2025-09-27 04:36:42',NULL),(10,'Marcos Vitor','marcosvitorlima531@gmail.com','$2b$12$6Dd1J9CqdzL1jv9a.u2euOZfVgA8oLa/fMHQBGW5R2TGSLnfVAU5C','municipality',1,NULL,'active',NULL,NULL,'2025-09-25 06:10:48','2025-09-25 06:10:48',NULL),(11,'Marcos Vitor','marcosvitorlima532@gmail.com','$2b$12$xBa8PfhupVAD5kWm/m6Lj.n3TmCBQ/ENvB.UUox78PYiebLb0j8he','professional',NULL,2,'inactive','6899999999',NULL,'2025-09-26 05:50:07','2025-09-27 04:39:48',NULL),(12,'Teste','marcosteste@gmail.com','$2b$12$8xA2db8qs6ZOtG2WMNkw.OvITNhrk9MoewlN0UEvQ0/isQfHd66u2','professional',NULL,2,'inactive','68666666666',NULL,'2025-09-27 04:36:31','2025-09-27 04:39:28',NULL),(13,'Teste','marcoddds@gmail.com','$2b$12$CJA7Wot6ihbto7Y3WWppqOUKsmckU.UBySVectmvqIlIMe654Uif6','institute',4,NULL,'active','68666666666',NULL,'2025-09-27 04:51:54','2025-09-27 04:51:54',NULL);
/*!40000 ALTER TABLE `users` ENABLE KEYS */;
UNLOCK TABLES;

--
-- Temporary view structure for view `view_municipality_stats`
--

DROP TABLE IF EXISTS `view_municipality_stats`;
/*!50001 DROP VIEW IF EXISTS `view_municipality_stats`*/;
SET @saved_cs_client     = @@character_set_client;
/*!50503 SET character_set_client = utf8mb4 */;
/*!50001 CREATE VIEW `view_municipality_stats` AS SELECT 
 1 AS `id`,
 1 AS `name`,
 1 AS `total_requests`,
 1 AS `pending_requests`,
 1 AS `completed_requests`,
 1 AS `urgent_requests`*/;
SET character_set_client = @saved_cs_client;

--
-- Temporary view structure for view `view_requests_summary`
--

DROP TABLE IF EXISTS `view_requests_summary`;
/*!50001 DROP VIEW IF EXISTS `view_requests_summary`*/;
SET @saved_cs_client     = @@character_set_client;
/*!50503 SET character_set_client = utf8mb4 */;
/*!50001 CREATE VIEW `view_requests_summary` AS SELECT 
 1 AS `id`,
 1 AS `request_number`,
 1 AS `municipality_name`,
 1 AS `institute_name`,
 1 AS `patient_name`,
 1 AS `professional_name`,
 1 AS `service_type`,
 1 AS `specialty`,
 1 AS `priority`,
 1 AS `status`,
 1 AS `requested_date`,
 1 AS `scheduled_date`,
 1 AS `completed_date`*/;
SET character_set_client = @saved_cs_client;

--
-- Final view structure for view `view_municipality_stats`
--

/*!50001 DROP VIEW IF EXISTS `view_municipality_stats`*/;
/*!50001 SET @saved_cs_client          = @@character_set_client */;
/*!50001 SET @saved_cs_results         = @@character_set_results */;
/*!50001 SET @saved_col_connection     = @@collation_connection */;
/*!50001 SET character_set_client      = utf8mb4 */;
/*!50001 SET character_set_results     = utf8mb4 */;
/*!50001 SET collation_connection      = utf8mb4_0900_ai_ci */;
/*!50001 CREATE ALGORITHM=UNDEFINED */
/*!50013 DEFINER=`root`@`localhost` SQL SECURITY DEFINER */
/*!50001 VIEW `view_municipality_stats` AS select `m`.`id` AS `id`,`m`.`name` AS `name`,count(`r`.`id`) AS `total_requests`,count((case when (`r`.`status` = 'pending') then 1 end)) AS `pending_requests`,count((case when (`r`.`status` = 'completed') then 1 end)) AS `completed_requests`,count((case when (`r`.`priority` = 'urgent') then 1 end)) AS `urgent_requests` from (`municipalities` `m` left join `requests` `r` on((`m`.`id` = `r`.`municipality_id`))) group by `m`.`id`,`m`.`name` */;
/*!50001 SET character_set_client      = @saved_cs_client */;
/*!50001 SET character_set_results     = @saved_cs_results */;
/*!50001 SET collation_connection      = @saved_col_connection */;

--
-- Final view structure for view `view_requests_summary`
--

/*!50001 DROP VIEW IF EXISTS `view_requests_summary`*/;
/*!50001 SET @saved_cs_client          = @@character_set_client */;
/*!50001 SET @saved_cs_results         = @@character_set_results */;
/*!50001 SET @saved_col_connection     = @@collation_connection */;
/*!50001 SET character_set_client      = utf8mb4 */;
/*!50001 SET character_set_results     = utf8mb4 */;
/*!50001 SET collation_connection      = utf8mb4_0900_ai_ci */;
/*!50001 CREATE ALGORITHM=UNDEFINED */
/*!50013 DEFINER=`root`@`localhost` SQL SECURITY DEFINER */
/*!50001 VIEW `view_requests_summary` AS select `r`.`id` AS `id`,`r`.`request_number` AS `request_number`,`m`.`name` AS `municipality_name`,`i`.`name` AS `institute_name`,`p`.`name` AS `patient_name`,`pr`.`name` AS `professional_name`,`r`.`service_type` AS `service_type`,`r`.`specialty` AS `specialty`,`r`.`priority` AS `priority`,`r`.`status` AS `status`,`r`.`requested_date` AS `requested_date`,`r`.`scheduled_date` AS `scheduled_date`,`r`.`completed_date` AS `completed_date` from ((((`requests` `r` left join `municipalities` `m` on((`r`.`municipality_id` = `m`.`id`))) left join `institutes` `i` on((`r`.`institute_id` = `i`.`id`))) left join `patients` `p` on((`r`.`patient_id` = `p`.`id`))) left join `professionals` `pr` on((`r`.`professional_id` = `pr`.`id`))) */;
/*!50001 SET character_set_client      = @saved_cs_client */;
/*!50001 SET character_set_results     = @saved_cs_results */;
/*!50001 SET collation_connection      = @saved_col_connection */;
/*!40103 SET TIME_ZONE=@OLD_TIME_ZONE */;

/*!40101 SET SQL_MODE=@OLD_SQL_MODE */;
/*!40014 SET FOREIGN_KEY_CHECKS=@OLD_FOREIGN_KEY_CHECKS */;
/*!40014 SET UNIQUE_CHECKS=@OLD_UNIQUE_CHECKS */;
/*!40101 SET CHARACTER_SET_CLIENT=@OLD_CHARACTER_SET_CLIENT */;
/*!40101 SET CHARACTER_SET_RESULTS=@OLD_CHARACTER_SET_RESULTS */;
/*!40101 SET COLLATION_CONNECTION=@OLD_COLLATION_CONNECTION */;
/*!40111 SET SQL_NOTES=@OLD_SQL_NOTES */;

-- Dump completed on 2025-09-27 13:21:35
